{
  "adv_t": [
    0,
    3,
    0,
    2,
    3,
    3
  ],
  "adv_w": [
    0,
    3,
    0,
    2,
    3,
    3
  ],
  "clfs": [
    "Nearest Neighbors",
    "RBF SVM",
    "Decision Tree",
    "Random Forest",
    "Naive Bayes",
    "Linear SVM"
  ],
  "mean": [
    0.803093841642229,
    0.9010703812316715,
    0.7943059628543501,
    0.8621407624633433,
    0.9080938416422288,
    0.9169794721407625
  ],
  "parameters": {
    "cv_method": "k20",
    "db": "balance",
    "repetition": 8
  },
  "std": [
    0.05055689423429727,
    0.023643292498327525,
    0.05951510496967738,
    0.051829613554331695,
    0.031028846626331336,
    0.04343860472181934
  ]
}