{
  "adv_t": [
    0,
    3,
    0,
    2,
    3,
    3
  ],
  "adv_w": [
    0,
    3,
    0,
    2,
    3,
    3
  ],
  "clfs": [
    "Nearest Neighbors",
    "RBF SVM",
    "Decision Tree",
    "Random Forest",
    "Naive Bayes",
    "Linear SVM"
  ],
  "mean": [
    0.7942082111436953,
    0.8963734115347017,
    0.7831036168132944,
    0.8404740957966768,
    0.9075855327468231,
    0.9151515151515153
  ],
  "parameters": {
    "cv_method": "k20",
    "db": "balance",
    "repetition": 4
  },
  "std": [
    0.048500393275964046,
    0.027576614820807095,
    0.06563553784147834,
    0.05201296567425098,
    0.02600091831158842,
    0.05545057986012611
  ]
}