{
  "adv_t": [
    0,
    3,
    0,
    2,
    4,
    4
  ],
  "adv_w": [
    0,
    3,
    0,
    2,
    4,
    4
  ],
  "clfs": [
    "Nearest Neighbors",
    "RBF SVM",
    "Decision Tree",
    "Random Forest",
    "Naive Bayes",
    "Linear SVM"
  ],
  "mean": [
    0.806359614884205,
    0.8912503252667188,
    0.7890827478532396,
    0.8495316159250585,
    0.9073588342440804,
    0.9166744730679157
  ],
  "parameters": {
    "cv_method": "k10",
    "db": "balance",
    "repetition": 1
  },
  "std": [
    0.027552584664808685,
    0.02449601872873515,
    0.047740753335379166,
    0.03995945436040662,
    0.01366609882684149,
    0.028720552294379306
  ]
}