{
  "adv_t": [
    1,
    3,
    0,
    1,
    3,
    4
  ],
  "adv_w": [
    1,
    3,
    0,
    1,
    3,
    4
  ],
  "clfs": [
    "Nearest Neighbors",
    "RBF SVM",
    "Decision Tree",
    "Random Forest",
    "Naive Bayes",
    "Linear SVM"
  ],
  "mean": [
    0.8204072339318239,
    0.8848464741087694,
    0.7661761644548529,
    0.8481030444964872,
    0.9052432995055947,
    0.9163296903460838
  ],
  "parameters": {
    "cv_method": "k10",
    "db": "balance",
    "repetition": 3
  },
  "std": [
    0.04505627597311296,
    0.028551422403679885,
    0.03983779996606369,
    0.04139300489900015,
    0.02763480539252149,
    0.04256199063020655
  ]
}