{
  "adv_t": [
    0,
    3,
    0,
    1,
    3,
    3
  ],
  "adv_w": [
    0,
    3,
    0,
    2,
    3,
    3
  ],
  "clfs": [
    "Nearest Neighbors",
    "RBF SVM",
    "Decision Tree",
    "Random Forest",
    "Naive Bayes",
    "Linear SVM"
  ],
  "mean": [
    0.8050293255131967,
    0.8936461388074293,
    0.7759824046920822,
    0.8298142717497559,
    0.9089491691104596,
    0.9168181818181822
  ],
  "parameters": {
    "cv_method": "k20",
    "db": "balance",
    "repetition": 0
  },
  "std": [
    0.052864100339872426,
    0.03315308635114569,
    0.05496100917792737,
    0.04437950328111822,
    0.02356204671883897,
    0.06088829816407965
  ]
}