{
  "adv_t": [
    0,
    3,
    0,
    2,
    4,
    3
  ],
  "adv_w": [
    0,
    3,
    0,
    2,
    4,
    3
  ],
  "clfs": [
    "Nearest Neighbors",
    "RBF SVM",
    "Decision Tree",
    "Random Forest",
    "Naive Bayes",
    "Linear SVM"
  ],
  "mean": [
    0.8129989591465,
    0.8944496487119439,
    0.7906973718449127,
    0.8545836586000519,
    0.9087874056726518,
    0.916671870934166
  ],
  "parameters": {
    "cv_method": "k10",
    "db": "balance",
    "repetition": 4
  },
  "std": [
    0.026682586505138817,
    0.014878886859110032,
    0.03370966101234005,
    0.0204965917008599,
    0.01077319722010183,
    0.03282930436635964
  ]
}