{
  "adv_t": [
    0,
    3,
    0,
    2,
    3,
    4
  ],
  "adv_w": [
    0,
    3,
    0,
    1,
    3,
    3
  ],
  "clfs": [
    "Nearest Neighbors",
    "RBF SVM",
    "Decision Tree",
    "Random Forest",
    "Naive Bayes",
    "Linear SVM"
  ],
  "mean": [
    0.8064689045016913,
    0.887864949258392,
    0.7788251366120218,
    0.8494275305750716,
    0.9088667707520168,
    0.9170140515222484
  ],
  "parameters": {
    "cv_method": "k10",
    "db": "balance",
    "repetition": 6
  },
  "std": [
    0.03668064028291558,
    0.020728513944018843,
    0.06194964379002547,
    0.02822645852346473,
    0.012512676172132997,
    0.020256357348303753
  ]
}