{
  "adv_t": [
    0,
    2,
    0,
    2,
    3,
    3
  ],
  "adv_w": [
    0,
    2,
    0,
    2,
    3,
    3
  ],
  "clfs": [
    "Nearest Neighbors",
    "RBF SVM",
    "Decision Tree",
    "Random Forest",
    "Naive Bayes",
    "Linear SVM"
  ],
  "mean": [
    0.8029423264907136,
    0.892184750733138,
    0.788245356793744,
    0.8640029325513199,
    0.9087976539589443,
    0.916969696969697
  ],
  "parameters": {
    "cv_method": "k20",
    "db": "balance",
    "repetition": 6
  },
  "std": [
    0.06884792682184443,
    0.04418077357769817,
    0.06171445920393477,
    0.04182511912237886,
    0.01569301571766986,
    0.051832216870566716
  ]
}