{
  "adv_t": [
    0,
    3,
    0,
    2,
    3,
    3
  ],
  "adv_w": [
    0,
    3,
    0,
    2,
    3,
    3
  ],
  "clfs": [
    "Nearest Neighbors",
    "RBF SVM",
    "Decision Tree",
    "Random Forest",
    "Naive Bayes",
    "Linear SVM"
  ],
  "mean": [
    0.8064907135874881,
    0.8977908113391987,
    0.7905376344086024,
    0.8450293255131968,
    0.9092521994134897,
    0.9161779081133922
  ],
  "parameters": {
    "cv_method": "k20",
    "db": "balance",
    "repetition": 5
  },
  "std": [
    0.06204588459923017,
    0.02603202134943559,
    0.06180364930958427,
    0.046652084019993836,
    0.018817816325072793,
    0.04358209691752032
  ]
}