{
  "adv_t": [
    0,
    3,
    0,
    1,
    3,
    3
  ],
  "adv_w": [
    1,
    3,
    0,
    2,
    3,
    3
  ],
  "clfs": [
    "Nearest Neighbors",
    "RBF SVM",
    "Decision Tree",
    "Random Forest",
    "Naive Bayes",
    "Linear SVM"
  ],
  "mean": [
    0.8074733281290657,
    0.8926762945615406,
    0.7786117616445485,
    0.8367564402810304,
    0.9038420504813948,
    0.9164610981004424
  ],
  "parameters": {
    "cv_method": "k10",
    "db": "balance",
    "repetition": 8
  },
  "std": [
    0.04965258620188726,
    0.023546047118352842,
    0.04927981372212579,
    0.026040429034492666,
    0.014296103835954383,
    0.041942448536183605
  ]
}