{
  "adv_t": [
    0,
    3,
    0,
    2,
    3,
    4
  ],
  "adv_w": [
    1,
    3,
    0,
    2,
    3,
    4
  ],
  "clfs": [
    "Nearest Neighbors",
    "RBF SVM",
    "Decision Tree",
    "Random Forest",
    "Naive Bayes",
    "Linear SVM"
  ],
  "mean": [
    0.813709677419355,
    0.8952150537634409,
    0.780679374389052,
    0.8573900293255134,
    0.907434017595308,
    0.9172287390029329
  ],
  "parameters": {
    "cv_method": "k20",
    "db": "balance",
    "repetition": 2
  },
  "std": [
    0.0556339986416271,
    0.031089646083532946,
    0.07814269725677235,
    0.05431319297090305,
    0.021526120453882587,
    0.03391989363696873
  ]
}