{
  "adv_t": [
    0,
    3,
    0,
    1,
    3,
    3
  ],
  "adv_w": [
    1,
    3,
    0,
    1,
    3,
    4
  ],
  "clfs": [
    "Nearest Neighbors",
    "RBF SVM",
    "Decision Tree",
    "Random Forest",
    "Naive Bayes",
    "Linear SVM"
  ],
  "mean": [
    0.8163391984359729,
    0.8982453567937441,
    0.7908308895405672,
    0.8466862170087979,
    0.9048680351906159,
    0.9172482893450639
  ],
  "parameters": {
    "cv_method": "k20",
    "db": "balance",
    "repetition": 7
  },
  "std": [
    0.057967673431883984,
    0.03177511473286563,
    0.05036915755007906,
    0.058724203633416426,
    0.03613968059186362,
    0.059709628824249864
  ]
}