{
  "adv_t": [
    1,
    3,
    0,
    1,
    4,
    4
  ],
  "adv_w": [
    1,
    3,
    0,
    1,
    4,
    3
  ],
  "clfs": [
    "Nearest Neighbors",
    "RBF SVM",
    "Decision Tree",
    "Random Forest",
    "Naive Bayes",
    "Linear SVM"
  ],
  "mean": [
    0.8243087982305235,
    0.87039915622184,
    0.786874334398296,
    0.8323328827721801,
    0.8950407553043336,
    0.8921622839354468
  ],
  "parameters": {
    "cv_method": "k2x5",
    "db": "balance",
    "repetition": 3
  },
  "std": [
    0.016688504886033288,
    0.014026667360452388,
    0.019813170900884965,
    0.01679137008629721,
    0.010300696644538657,
    0.01765961853350054
  ]
}