{
  "adv_t": [
    0,
    3,
    0,
    2,
    3,
    3
  ],
  "adv_w": [
    0,
    3,
    0,
    2,
    4,
    4
  ],
  "clfs": [
    "Nearest Neighbors",
    "RBF SVM",
    "Decision Tree",
    "Random Forest",
    "Naive Bayes",
    "Linear SVM"
  ],
  "mean": [
    0.8004839968774394,
    0.8945016913869376,
    0.7760915951079885,
    0.8384205048139473,
    0.9073067915690867,
    0.9167785584179027
  ],
  "parameters": {
    "cv_method": "k10",
    "db": "balance",
    "repetition": 0
  },
  "std": [
    0.03995784070015828,
    0.022203797361161615,
    0.05907198550991546,
    0.03446255487690727,
    0.015892095252050997,
    0.035893321886058135
  ]
}