{
  "adv_t": [
    1,
    3,
    0,
    2,
    4,
    3
  ],
  "adv_w": [
    1,
    3,
    0,
    2,
    4,
    3
  ],
  "clfs": [
    "Nearest Neighbors",
    "RBF SVM",
    "Decision Tree",
    "Random Forest",
    "Naive Bayes",
    "Linear SVM"
  ],
  "mean": [
    0.8262431391824363,
    0.878718153518473,
    0.7811112476447939,
    0.8441642090603751,
    0.8902402310149913,
    0.8822376505283854
  ],
  "parameters": {
    "cv_method": "k2x5",
    "db": "balance",
    "repetition": 0
  },
  "std": [
    0.012033851791131528,
    0.009857061089368574,
    0.020554787612815255,
    0.01675992184343842,
    0.006915439544915217,
    0.015020376628239391
  ]
}