{
  "adv_t": [
    0,
    2,
    0,
    1,
    3,
    3
  ],
  "adv_w": [
    0,
    2,
    0,
    1,
    2,
    3
  ],
  "clfs": [
    "Nearest Neighbors",
    "RBF SVM",
    "Decision Tree",
    "Random Forest",
    "Naive Bayes",
    "Linear SVM"
  ],
  "mean": [
    0.7985844392401769,
    0.8913817330210773,
    0.7776047358834244,
    0.8496630236794172,
    0.9024655217278168,
    0.9167265157429092
  ],
  "parameters": {
    "cv_method": "k10",
    "db": "balance",
    "repetition": 9
  },
  "std": [
    0.044078550206796435,
    0.025178753770627497,
    0.03189208360765819,
    0.04217105014978075,
    0.017056332544250263,
    0.035365246982352196
  ]
}