{
  "adv_t": [
    0,
    3,
    0,
    1,
    3,
    3
  ],
  "adv_w": [
    0,
    1,
    0,
    1,
    3,
    3
  ],
  "clfs": [
    "Nearest Neighbors",
    "RBF SVM",
    "Decision Tree",
    "Random Forest",
    "Naive Bayes",
    "Linear SVM"
  ],
  "mean": [
    0.8064389799635702,
    0.8847397866250327,
    0.7709380692167577,
    0.8401665365599792,
    0.905560759823055,
    0.9165899037210513
  ],
  "parameters": {
    "cv_method": "k10",
    "db": "balance",
    "repetition": 7
  },
  "std": [
    0.050743913086050856,
    0.022874265750268536,
    0.06059909045561535,
    0.042330884672700554,
    0.011952719781023288,
    0.033783521640563634
  ]
}