{
  "adv_t": [
    0,
    3,
    0,
    1,
    3,
    3
  ],
  "adv_w": [
    0,
    3,
    0,
    1,
    3,
    3
  ],
  "clfs": [
    "Nearest Neighbors",
    "RBF SVM",
    "Decision Tree",
    "Random Forest",
    "Naive Bayes",
    "Linear SVM"
  ],
  "mean": [
    0.8209601873536299,
    0.9024134790528233,
    0.7854371584699453,
    0.8383437418683319,
    0.9073067915690867,
    0.9105633619568045
  ],
  "parameters": {
    "cv_method": "k10",
    "db": "balance",
    "repetition": 5
  },
  "std": [
    0.027683385693560155,
    0.017432474156403983,
    0.032256737531634015,
    0.029785699844093724,
    0.011856632892287689,
    0.03960282030852891
  ]
}