{
  "adv_t": [
    0,
    3,
    0,
    2,
    3,
    4
  ],
  "adv_w": [
    0,
    3,
    0,
    2,
    3,
    4
  ],
  "clfs": [
    "Nearest Neighbors",
    "RBF SVM",
    "Decision Tree",
    "Random Forest",
    "Naive Bayes",
    "Linear SVM"
  ],
  "mean": [
    0.8123460410557188,
    0.8944134897360705,
    0.7950830889540571,
    0.8469452590420335,
    0.9079423264907136,
    0.917086999022483
  ],
  "parameters": {
    "cv_method": "k20",
    "db": "balance",
    "repetition": 3
  },
  "std": [
    0.05900821675765106,
    0.031438405174300334,
    0.07368349850211366,
    0.04594711184289288,
    0.027759255254668824,
    0.04320416786457924
  ]
}