{
  "adv_t": [
    0,
    3,
    0,
    1,
    3,
    3
  ],
  "adv_w": [
    0,
    3,
    0,
    1,
    3,
    4
  ],
  "clfs": [
    "Nearest Neighbors",
    "RBF SVM",
    "Decision Tree",
    "Random Forest",
    "Naive Bayes",
    "Linear SVM"
  ],
  "mean": [
    0.8095589383294299,
    0.8895810564663023,
    0.7872105126203486,
    0.8415183450429353,
    0.9071753838147281,
    0.9168279989591467
  ],
  "parameters": {
    "cv_method": "k10",
    "db": "balance",
    "repetition": 2
  },
  "std": [
    0.04216850675902222,
    0.022014728873147725,
    0.05780855013152666,
    0.04613459791193748,
    0.01481764983590243,
    0.0357802717136898
  ]
}