{
  "adv_t": [
    0,
    3,
    0,
    1,
    3,
    3
  ],
  "adv_w": [
    0,
    3,
    0,
    1,
    3,
    3
  ],
  "clfs": [
    "Nearest Neighbors",
    "RBF SVM",
    "Decision Tree",
    "Random Forest",
    "Naive Bayes",
    "Linear SVM"
  ],
  "mean": [
    0.8102785923753666,
    0.8982453567937438,
    0.7819452590420334,
    0.8368475073313786,
    0.9074340175953081,
    0.9154545454545456
  ],
  "parameters": {
    "cv_method": "k20",
    "db": "balance",
    "repetition": 9
  },
  "std": [
    0.04645913027066301,
    0.029190777495431083,
    0.07061384433640565,
    0.05809914655365352,
    0.021992556522169585,
    0.055170089936877276
  ]
}