{
  "adv_t": [
    1,
    3,
    0,
    2,
    4,
    4
  ],
  "adv_w": [
    1,
    3,
    0,
    2,
    4,
    4
  ],
  "clfs": [
    "Nearest Neighbors",
    "RBF SVM",
    "Decision Tree",
    "Random Forest",
    "Naive Bayes",
    "Linear SVM"
  ],
  "mean": [
    0.8214559269271728,
    0.8630427213893667,
    0.7676835012697633,
    0.84096112886049,
    0.8931238223969855,
    0.8879976652740231
  ],
  "parameters": {
    "cv_method": "k2x5",
    "db": "balance",
    "repetition": 4
  },
  "std": [
    0.01602767795983492,
    0.014120394284766637,
    0.015929986959264814,
    0.01213721129921904,
    0.016590553580275922,
    0.017722283099683128
  ]
}