{
  "adv_t": [
    0,
    3,
    0,
    2,
    3,
    3
  ],
  "adv_w": [
    0,
    3,
    0,
    2,
    3,
    3
  ],
  "clfs": [
    "Nearest Neighbors",
    "RBF SVM",
    "Decision Tree",
    "Random Forest",
    "Naive Bayes",
    "Linear SVM"
  ],
  "mean": [
    0.8129618768328447,
    0.8962218963831867,
    0.7987634408602153,
    0.8485043988269796,
    0.9077370478983383,
    0.9163734115347021
  ],
  "parameters": {
    "cv_method": "k20",
    "db": "balance",
    "repetition": 1
  },
  "std": [
    0.05886004326137447,
    0.02789511584813465,
    0.04941699989980243,
    0.0463463963612311,
    0.02229795416514429,
    0.05802409264755314
  ]
}