{
  "adv_t": [
    1,
    0,
    1,
    1,
    1,
    1
  ],
  "adv_w": [
    1,
    0,
    1,
    1,
    1,
    1
  ],
  "clfs": [
    "Nearest Neighbors",
    "RBF SVM",
    "Decision Tree",
    "Random Forest",
    "Naive Bayes",
    "Linear SVM"
  ],
  "mean": [
    0.9676438777977122,
    0.862353195658536,
    0.9544938351719663,
    0.9707148401216423,
    0.9633825756129836,
    0.9676871397488263
  ],
  "parameters": {
    "cv_method": "k10",
    "db": "breastcan",
    "repetition": 1
  },
  "std": [
    0.022975631205849098,
    0.03492456635170155,
    0.022519959946576126,
    0.016860791133547392,
    0.01251897206916077,
    0.013789477406280271
  ]
}