{
  "adv_t": [
    1,
    0,
    1,
    1,
    1,
    1
  ],
  "adv_w": [
    1,
    0,
    1,
    1,
    1,
    1
  ],
  "clfs": [
    "Nearest Neighbors",
    "RBF SVM",
    "Decision Tree",
    "Random Forest",
    "Naive Bayes",
    "Linear SVM"
  ],
  "mean": [
    0.9692436156811848,
    0.8695582191345064,
    0.9648531638482776,
    0.9676865035436627,
    0.9618687254265756,
    0.9662159153083687
  ],
  "parameters": {
    "cv_method": "k10",
    "db": "breastcan",
    "repetition": 9
  },
  "std": [
    0.01607421382090683,
    0.04087121874145963,
    0.012347369096106639,
    0.020786048727245144,
    0.01263546757821684,
    0.02321502336529657
  ]
}