{
  "adv_t": [
    1,
    0,
    1,
    1,
    1,
    1
  ],
  "adv_w": [
    3,
    0,
    1,
    1,
    1,
    1
  ],
  "clfs": [
    "Nearest Neighbors",
    "RBF SVM",
    "Decision Tree",
    "Random Forest",
    "Naive Bayes",
    "Linear SVM"
  ],
  "mean": [
    0.9707587382779199,
    0.8609284141950097,
    0.9546449338982835,
    0.9649829497016198,
    0.9605059739664847,
    0.9649616368286444
  ],
  "parameters": {
    "cv_method": "k10",
    "db": "breastcan",
    "repetition": 3
  },
  "std": [
    0.020631526445022762,
    0.03842222125854452,
    0.02610524005276229,
    0.021862305594395275,
    0.011851331781621491,
    0.01703792058052993
  ]
}