{
  "adv_t": [
    1,
    0,
    1,
    1,
    1,
    1
  ],
  "adv_w": [
    1,
    0,
    1,
    1,
    1,
    1
  ],
  "clfs": [
    "Nearest Neighbors",
    "RBF SVM",
    "Decision Tree",
    "Random Forest",
    "Naive Bayes",
    "Linear SVM"
  ],
  "mean": [
    0.9693088267104375,
    0.8698165184308635,
    0.9575647974958965,
    0.970650265297553,
    0.9619985112799176,
    0.966346337366874
  ],
  "parameters": {
    "cv_method": "k10",
    "db": "breastcan",
    "repetition": 5
  },
  "std": [
    0.015968003529481387,
    0.03419689825365933,
    0.026957376705519807,
    0.017006588924042495,
    0.01697251176215994,
    0.02176299020135951
  ]
}