{
  "adv_t": [
    1,
    0,
    1,
    1,
    1,
    1
  ],
  "adv_w": [
    2,
    0,
    1,
    1,
    1,
    2
  ],
  "clfs": [
    "Nearest Neighbors",
    "RBF SVM",
    "Decision Tree",
    "Random Forest",
    "Naive Bayes",
    "Linear SVM"
  ],
  "mean": [
    0.966384008148714,
    0.8682671250318311,
    0.94873440285205,
    0.9662554112554111,
    0.9619747899159663,
    0.9648293862999744
  ],
  "parameters": {
    "cv_method": "k20",
    "db": "breastcan",
    "repetition": 6
  },
  "std": [
    0.034502569873426155,
    0.04796531044121372,
    0.03272753418532721,
    0.027382639941157853,
    0.03699677184217186,
    0.029421142372154645
  ]
}