{
  "adv_t": [
    1,
    0,
    1,
    1,
    1,
    1
  ],
  "adv_w": [
    1,
    0,
    1,
    1,
    1,
    1
  ],
  "clfs": [
    "Nearest Neighbors",
    "RBF SVM",
    "Decision Tree",
    "Random Forest",
    "Naive Bayes",
    "Linear SVM"
  ],
  "mean": [
    0.96783760226998,
    0.8640420022648903,
    0.9473552951355753,
    0.9663676502398493,
    0.9620198241528929,
    0.9663457011617107
  ],
  "parameters": {
    "cv_method": "k10",
    "db": "breastcan",
    "repetition": 4
  },
  "std": [
    0.01650667935003179,
    0.03297148671198467,
    0.016952538420233167,
    0.01688377150879797,
    0.019628828317954802,
    0.0169810040902555
  ]
}