{
  "adv_t": [
    2,
    0,
    1,
    2,
    1,
    2
  ],
  "adv_w": [
    2,
    0,
    1,
    2,
    2,
    2
  ],
  "clfs": [
    "Nearest Neighbors",
    "RBF SVM",
    "Decision Tree",
    "Random Forest",
    "Naive Bayes",
    "Linear SVM"
  ],
  "mean": [
    0.9680832090000173,
    0.8480381060177326,
    0.9472878187648985,
    0.9677908113391984,
    0.9607689801238187,
    0.9669110459433041
  ],
  "parameters": {
    "cv_method": "k2x5",
    "db": "breastcan",
    "repetition": 8
  },
  "std": [
    0.007349677486116036,
    0.022583057985549007,
    0.009683607252157913,
    0.005510690201289242,
    0.01185901215813199,
    0.005171829001690584
  ]
}