{
  "adv_t": [
    2,
    0,
    1,
    2,
    2,
    2
  ],
  "adv_w": [
    2,
    0,
    1,
    2,
    2,
    2
  ],
  "clfs": [
    "Nearest Neighbors",
    "RBF SVM",
    "Decision Tree",
    "Random Forest",
    "Naive Bayes",
    "Linear SVM"
  ],
  "mean": [
    0.9683747491896899,
    0.8377716039855259,
    0.9431916790999981,
    0.9669076160587196,
    0.9604671502803932,
    0.9654507725815027
  ],
  "parameters": {
    "cv_method": "k2x5",
    "db": "breastcan",
    "repetition": 4
  },
  "std": [
    0.006878558734366105,
    0.018556607278906442,
    0.01015059974198199,
    0.007827800036805636,
    0.007729274907437517,
    0.006708366994420948
  ]
}