{
  "adv_t": [
    1,
    0,
    1,
    1,
    1,
    1
  ],
  "adv_w": [
    1,
    0,
    1,
    3,
    1,
    1
  ],
  "clfs": [
    "Nearest Neighbors",
    "RBF SVM",
    "Decision Tree",
    "Random Forest",
    "Naive Bayes",
    "Linear SVM"
  ],
  "mean": [
    0.9707142857142858,
    0.8695670995670997,
    0.9604621848739496,
    0.9722268907563023,
    0.9605016552075375,
    0.9663445378151259
  ],
  "parameters": {
    "cv_method": "k20",
    "db": "breastcan",
    "repetition": 5
  },
  "std": [
    0.023266163382920785,
    0.04334234518695009,
    0.034674190627174785,
    0.0240612093095015,
    0.03163263013362972,
    0.03717975736730628
  ]
}