{
  "adv_t": [
    1,
    0,
    1,
    1,
    1,
    1
  ],
  "adv_w": [
    1,
    0,
    1,
    3,
    1,
    1
  ],
  "clfs": [
    "Nearest Neighbors",
    "RBF SVM",
    "Decision Tree",
    "Random Forest",
    "Naive Bayes",
    "Linear SVM"
  ],
  "mean": [
    0.9679411764705883,
    0.8712974280621338,
    0.9591176470588234,
    0.9694537815126051,
    0.9605882352941176,
    0.9650420168067226
  ],
  "parameters": {
    "cv_method": "k20",
    "db": "breastcan",
    "repetition": 4
  },
  "std": [
    0.029541352227974688,
    0.04050756510178498,
    0.025804974311883604,
    0.02733663267950069,
    0.02728849485530296,
    0.030555751617965723
  ]
}