{
  "adv_t": [
    1,
    0,
    1,
    1,
    1,
    1
  ],
  "adv_w": [
    2,
    0,
    1,
    1,
    1,
    1
  ],
  "clfs": [
    "Nearest Neighbors",
    "RBF SVM",
    "Decision Tree",
    "Random Forest",
    "Naive Bayes",
    "Linear SVM"
  ],
  "mean": [
    0.9707117392411508,
    0.8697377132671251,
    0.9562579577285459,
    0.9664260249554365,
    0.9620142602495543,
    0.9650000000000001
  ],
  "parameters": {
    "cv_method": "k20",
    "db": "breastcan",
    "repetition": 7
  },
  "std": [
    0.0212211193653863,
    0.04022482176015693,
    0.033148603641158264,
    0.02352504753672383,
    0.025117098408321,
    0.024277724345223652
  ]
}