{
  "adv_t": [
    1,
    0,
    1,
    1,
    1,
    1
  ],
  "adv_w": [
    2,
    0,
    1,
    4,
    1,
    1
  ],
  "clfs": [
    "Nearest Neighbors",
    "RBF SVM",
    "Decision Tree",
    "Random Forest",
    "Naive Bayes",
    "Linear SVM"
  ],
  "mean": [
    0.9708226768968456,
    0.8596935399727703,
    0.9591425863012304,
    0.9737632171622705,
    0.9620843989769821,
    0.9664102759857999
  ],
  "parameters": {
    "cv_method": "k10",
    "db": "breastcan",
    "repetition": 0
  },
  "std": [
    0.01675692777249757,
    0.03927784895249648,
    0.02431088326831084,
    0.017746474908304444,
    0.02485678627985601,
    0.015363539858696115
  ]
}