{
  "adv_t": [
    1,
    0,
    1,
    1,
    1,
    1
  ],
  "adv_w": [
    1,
    0,
    1,
    1,
    1,
    1
  ],
  "clfs": [
    "Nearest Neighbors",
    "RBF SVM",
    "Decision Tree",
    "Random Forest",
    "Naive Bayes",
    "Linear SVM"
  ],
  "mean": [
    0.9662159153083687,
    0.8666170426639181,
    0.9530658726826229,
    0.9661952386405568,
    0.9618900382995509,
    0.9677084526218016
  ],
  "parameters": {
    "cv_method": "k10",
    "db": "breastcan",
    "repetition": 7
  },
  "std": [
    0.022186973088570358,
    0.02867251671521111,
    0.01953826834723354,
    0.019874678318526323,
    0.024243832013690125,
    0.019540700661893038
  ]
}