{
  "adv_t": [
    2,
    0,
    1,
    2,
    1,
    1
  ],
  "adv_w": [
    2,
    0,
    1,
    2,
    1,
    2
  ],
  "clfs": [
    "Nearest Neighbors",
    "RBF SVM",
    "Decision Tree",
    "Random Forest",
    "Naive Bayes",
    "Linear SVM"
  ],
  "mean": [
    0.9706697224344284,
    0.8711662846956966,
    0.9517175961293607,
    0.9721403106697224,
    0.9619722434428315,
    0.964784823020117
  ],
  "parameters": {
    "cv_method": "k20",
    "db": "breastcan",
    "repetition": 9
  },
  "std": [
    0.0316509930951311,
    0.07423494123734523,
    0.035846072241428995,
    0.029371235703768036,
    0.03169481878326994,
    0.03777978147110378
  ]
}