{
  "adv_t": [
    1,
    0,
    1,
    2,
    1,
    1
  ],
  "adv_w": [
    1,
    0,
    1,
    1,
    1,
    1
  ],
  "clfs": [
    "Nearest Neighbors",
    "RBF SVM",
    "Decision Tree",
    "Random Forest",
    "Naive Bayes",
    "Linear SVM"
  ],
  "mean": [
    0.966257957728546,
    0.8709931245225364,
    0.9502075375604786,
    0.9721403106697224,
    0.9618436465495289,
    0.9662133944486886
  ],
  "parameters": {
    "cv_method": "k20",
    "db": "breastcan",
    "repetition": 1
  },
  "std": [
    0.021819844857106335,
    0.06230625761559402,
    0.043527437377256874,
    0.02598892668152814,
    0.02719808789494403,
    0.029078751017266445
  ]
}