{
  "adv_t": [
    2,
    0,
    1,
    2,
    2,
    2
  ],
  "adv_w": [
    3,
    0,
    1,
    2,
    1,
    2
  ],
  "clfs": [
    "Nearest Neighbors",
    "RBF SVM",
    "Decision Tree",
    "Random Forest",
    "Naive Bayes",
    "Linear SVM"
  ],
  "mean": [
    0.9710080430793504,
    0.8445104697226938,
    0.9443544099741045,
    0.9707156454185316,
    0.9592838400987805,
    0.9636818096071067
  ],
  "parameters": {
    "cv_method": "k2x5",
    "db": "breastcan",
    "repetition": 1
  },
  "std": [
    0.006257171998285605,
    0.009888010397386847,
    0.010292293512624607,
    0.007311392762973498,
    0.012202532596053512,
    0.008112992499986022
  ]
}