{
  "adv_t": [
    2,
    0,
    1,
    2,
    2,
    2
  ],
  "adv_w": [
    3,
    0,
    1,
    3,
    2,
    2
  ],
  "clfs": [
    "Nearest Neighbors",
    "RBF SVM",
    "Decision Tree",
    "Random Forest",
    "Naive Bayes",
    "Linear SVM"
  ],
  "mean": [
    0.9736773294652059,
    0.869644106831571,
    0.9459486455192069,
    0.9736560165922306,
    0.9633606265348449,
    0.9662804901324581
  ],
  "parameters": {
    "cv_method": "k10",
    "db": "breastcan",
    "repetition": 8
  },
  "std": [
    0.01656510949956766,
    0.026385269441477652,
    0.023574323947556076,
    0.013331550141678557,
    0.014376095476406928,
    0.021992881505393493
  ]
}