{
  "adv_t": [
    1,
    0,
    1,
    1,
    1,
    1
  ],
  "adv_w": [
    1,
    0,
    1,
    1,
    1,
    1
  ],
  "clfs": [
    "Nearest Neighbors",
    "RBF SVM",
    "Decision Tree",
    "Random Forest",
    "Naive Bayes",
    "Linear SVM"
  ],
  "mean": [
    0.9677310924369747,
    0.8710376878023938,
    0.9589075630252101,
    0.9677731092436973,
    0.9633193277310925,
    0.9647478991596639
  ],
  "parameters": {
    "cv_method": "k20",
    "db": "breastcan",
    "repetition": 8
  },
  "std": [
    0.030034353213225586,
    0.048171563438249736,
    0.033634336718802935,
    0.031436913371628156,
    0.030009438823774676,
    0.029575553297164145
  ]
}