{
  "adv_t": [
    1,
    0,
    1,
    1,
    1,
    1
  ],
  "adv_w": [
    1,
    0,
    1,
    1,
    1,
    1
  ],
  "clfs": [
    "Nearest Neighbors",
    "RBF SVM",
    "Decision Tree",
    "Random Forest",
    "Naive Bayes",
    "Linear SVM"
  ],
  "mean": [
    0.9678991596638656,
    0.8685612426788898,
    0.956218487394958,
    0.9694537815126051,
    0.9605882352941176,
    0.9649579831932773
  ],
  "parameters": {
    "cv_method": "k20",
    "db": "breastcan",
    "repetition": 3
  },
  "std": [
    0.028135710320973308,
    0.06591230277132645,
    0.03351367324513282,
    0.0370734430360629,
    0.0332229641234395,
    0.027858925604194198
  ]
}