{
  "adv_t": [
    1,
    0,
    1,
    1,
    1,
    1
  ],
  "adv_w": [
    1,
    0,
    1,
    1,
    1,
    1
  ],
  "clfs": [
    "Nearest Neighbors",
    "RBF SVM",
    "Decision Tree",
    "Random Forest",
    "Naive Bayes",
    "Linear SVM"
  ],
  "mean": [
    0.9663682864450129,
    0.8696679645252001,
    0.9487199552111564,
    0.9692235752185365,
    0.961805423012813,
    0.9647898614345154
  ],
  "parameters": {
    "cv_method": "k10",
    "db": "breastcan",
    "repetition": 6
  },
  "std": [
    0.02292095751164766,
    0.04774326332898949,
    0.023320952877505706,
    0.02014388594384476,
    0.03342620805276272,
    0.023195765128846607
  ]
}