{
  "adv_t": [
    1,
    0,
    2,
    3,
    4,
    5
  ],
  "adv_w": [
    1,
    0,
    2,
    3,
    4,
    5
  ],
  "clfs": [
    "Nearest Neighbors",
    "RBF SVM",
    "Decision Tree",
    "Random Forest",
    "Naive Bayes",
    "Linear SVM"
  ],
  "mean": [
    0.6781249999999999,
    0.6510416666666667,
    0.7221354166666668,
    0.7421875,
    0.7567708333333333,
    0.7749999999999998
  ],
  "parameters": {
    "cv_method": "k2x5",
    "db": "diabetes",
    "repetition": 4
  },
  "std": [
    0.0218639742936544,
    1.1702778228589004e-16,
    0.026388032241212507,
    0.013164714312589504,
    0.014639030544328331,
    0.013790886880719088
  ]
}