{
  "adv_t": [
    0,
    0,
    1,
    0,
    1,
    5
  ],
  "adv_w": [
    0,
    0,
    0,
    0,
    1,
    5
  ],
  "clfs": [
    "Nearest Neighbors",
    "RBF SVM",
    "Decision Tree",
    "Random Forest",
    "Naive Bayes",
    "Linear SVM"
  ],
  "mean": [
    0.692,
    0.6990000000000001,
    0.72,
    0.6989999999999998,
    0.723,
    0.7579999999999999
  ],
  "parameters": {
    "cv_method": "k10",
    "db": "german",
    "repetition": 8
  },
  "std": [
    0.04289522117905442,
    0.0031622776601683824,
    0.03620926830400072,
    0.01523883926754993,
    0.04243949942107131,
    0.04157990967870048
  ]
}