{
  "adv_t": [
    0,
    0,
    3,
    0,
    0,
    3
  ],
  "adv_w": [
    0,
    0,
    3,
    0,
    0,
    3
  ],
  "clfs": [
    "Nearest Neighbors",
    "RBF SVM",
    "Decision Tree",
    "Random Forest",
    "Naive Bayes",
    "Linear SVM"
  ],
  "mean": [
    0.692,
    0.6989999999999997,
    0.752,
    0.7119999999999997,
    0.732,
    0.7540000000000002
  ],
  "parameters": {
    "cv_method": "k20",
    "db": "german",
    "repetition": 0
  },
  "std": [
    0.054829880443729634,
    0.00447213595499956,
    0.04225237458291236,
    0.02190890230020665,
    0.06848741720775775,
    0.03618665063542807
  ]
}