{
  "adv_t": [
    0,
    0,
    3,
    1,
    2,
    5
  ],
  "adv_w": [
    0,
    0,
    3,
    1,
    2,
    5
  ],
  "clfs": [
    "Nearest Neighbors",
    "RBF SVM",
    "Decision Tree",
    "Random Forest",
    "Naive Bayes",
    "Linear SVM"
  ],
  "mean": [
    0.69,
    0.6989999999999997,
    0.728,
    0.7069999999999997,
    0.7249999999999999,
    0.756
  ],
  "parameters": {
    "cv_method": "k20",
    "db": "german",
    "repetition": 1
  },
  "std": [
    0.05638215469828245,
    0.00447213595499956,
    0.04020997519600277,
    0.01976173868336168,
    0.06151593717335198,
    0.052153619241621194
  ]
}