{
  "adv_t": [
    0,
    0,
    3,
    0,
    1,
    3
  ],
  "adv_w": [
    0,
    0,
    3,
    1,
    0,
    5
  ],
  "clfs": [
    "Nearest Neighbors",
    "RBF SVM",
    "Decision Tree",
    "Random Forest",
    "Naive Bayes",
    "Linear SVM"
  ],
  "mean": [
    0.679,
    0.6990000000000001,
    0.728,
    0.703,
    0.7230000000000001,
    0.7550000000000001
  ],
  "parameters": {
    "cv_method": "k10",
    "db": "german",
    "repetition": 7
  },
  "std": [
    0.04357624225296266,
    0.0031622776601683824,
    0.04157990967870048,
    0.014181364924121758,
    0.06447221623821123,
    0.03027650354097494
  ]
}