{
  "adv_t": [
    0,
    0,
    0,
    0,
    0,
    3
  ],
  "adv_w": [
    0,
    0,
    0,
    0,
    0,
    4
  ],
  "clfs": [
    "Nearest Neighbors",
    "RBF SVM",
    "Decision Tree",
    "Random Forest",
    "Naive Bayes",
    "Linear SVM"
  ],
  "mean": [
    0.681,
    0.6989999999999997,
    0.7219999999999999,
    0.7020000000000001,
    0.7190000000000001,
    0.756
  ],
  "parameters": {
    "cv_method": "k20",
    "db": "german",
    "repetition": 8
  },
  "std": [
    0.0721037264530832,
    0.004472135954999559,
    0.06186572897051026,
    0.02238420495749059,
    0.07959767253936643,
    0.05604509462547947
  ]
}