{
  "adv_t": [
    0,
    0,
    2,
    1,
    0,
    3
  ],
  "adv_w": [
    0,
    0,
    1,
    1,
    0,
    3
  ],
  "clfs": [
    "Nearest Neighbors",
    "RBF SVM",
    "Decision Tree",
    "Random Forest",
    "Naive Bayes",
    "Linear SVM"
  ],
  "mean": [
    0.6889999999999998,
    0.6989999999999997,
    0.736,
    0.7109999999999999,
    0.729,
    0.759
  ],
  "parameters": {
    "cv_method": "k20",
    "db": "german",
    "repetition": 4
  },
  "std": [
    0.049193495504995376,
    0.00447213595499956,
    0.07883360223981437,
    0.02100125309544522,
    0.08296479913033504,
    0.0536950453462593
  ]
}