{
  "adv_t": [
    0,
    0,
    3,
    0,
    3,
    4
  ],
  "adv_w": [
    0,
    0,
    3,
    0,
    3,
    4
  ],
  "clfs": [
    "Nearest Neighbors",
    "RBF SVM",
    "Decision Tree",
    "Random Forest",
    "Naive Bayes",
    "Linear SVM"
  ],
  "mean": [
    0.6839999999999999,
    0.6990000000000001,
    0.7449999999999999,
    0.701,
    0.728,
    0.7630000000000001
  ],
  "parameters": {
    "cv_method": "k10",
    "db": "german",
    "repetition": 0
  },
  "std": [
    0.033730961708462695,
    0.0031622776601683824,
    0.025927248643506765,
    0.007378647873726225,
    0.03966526608171604,
    0.031989581637360216
  ]
}