{
  "adv_t": [
    0,
    0,
    2,
    1,
    1,
    3
  ],
  "adv_w": [
    0,
    0,
    2,
    0,
    1,
    3
  ],
  "clfs": [
    "Nearest Neighbors",
    "RBF SVM",
    "Decision Tree",
    "Random Forest",
    "Naive Bayes",
    "Linear SVM"
  ],
  "mean": [
    0.6849999999999998,
    0.7000000000000001,
    0.725,
    0.708,
    0.726,
    0.762
  ],
  "parameters": {
    "cv_method": "k10",
    "db": "german",
    "repetition": 3
  },
  "std": [
    0.03135814620371129,
    1.1702778228589004e-16,
    0.03205897343611892,
    0.012292725943057194,
    0.041419265512024184,
    0.04638007234913623
  ]
}