{
  "adv_t": [
    0,
    0,
    1,
    0,
    1,
    4
  ],
  "adv_w": [
    0,
    0,
    2,
    0,
    0,
    5
  ],
  "clfs": [
    "Nearest Neighbors",
    "RBF SVM",
    "Decision Tree",
    "Random Forest",
    "Naive Bayes",
    "Linear SVM"
  ],
  "mean": [
    0.6859999999999998,
    0.6999999999999997,
    0.724,
    0.704,
    0.7250000000000001,
    0.756
  ],
  "parameters": {
    "cv_method": "k20",
    "db": "german",
    "repetition": 9
  },
  "std": [
    0.0405748171834906,
    2.278129578503827e-16,
    0.05861560776520372,
    0.022100250058123282,
    0.06863327411532597,
    0.036476380245159666
  ]
}