{
  "adv_t": [
    0,
    1,
    2,
    1,
    1,
    3
  ],
  "adv_w": [
    0,
    1,
    3,
    1,
    2,
    5
  ],
  "clfs": [
    "Nearest Neighbors",
    "RBF SVM",
    "Decision Tree",
    "Random Forest",
    "Naive Bayes",
    "Linear SVM"
  ],
  "mean": [
    0.673,
    0.7000000000000001,
    0.728,
    0.704,
    0.7290000000000001,
    0.757
  ],
  "parameters": {
    "cv_method": "k10",
    "db": "german",
    "repetition": 2
  },
  "std": [
    0.03465704994818673,
    1.1702778228589004e-16,
    0.04315347288715269,
    0.011737877907772656,
    0.054863466897380815,
    0.04808557187163547
  ]
}