{
  "adv_t": [
    0,
    1,
    1,
    2,
    2,
    5
  ],
  "adv_w": [
    0,
    1,
    1,
    2,
    1,
    4
  ],
  "clfs": [
    "Nearest Neighbors",
    "RBF SVM",
    "Decision Tree",
    "Random Forest",
    "Naive Bayes",
    "Linear SVM"
  ],
  "mean": [
    0.6774,
    0.6996,
    0.7074,
    0.7132000000000001,
    0.72,
    0.7496
  ],
  "parameters": {
    "cv_method": "k2x5",
    "db": "german",
    "repetition": 4
  },
  "std": [
    0.013599019572503515,
    0.0008432740427115685,
    0.023627667397918634,
    0.004442221666388693,
    0.01771377367411526,
    0.015994443479603205
  ]
}