{
  "adv_t": [
    0,
    0,
    3,
    0,
    1,
    4
  ],
  "adv_w": [
    0,
    0,
    3,
    1,
    2,
    5
  ],
  "clfs": [
    "Nearest Neighbors",
    "RBF SVM",
    "Decision Tree",
    "Random Forest",
    "Naive Bayes",
    "Linear SVM"
  ],
  "mean": [
    0.696,
    0.6989999999999997,
    0.732,
    0.705,
    0.722,
    0.754
  ],
  "parameters": {
    "cv_method": "k20",
    "db": "german",
    "repetition": 5
  },
  "std": [
    0.05051315618102299,
    0.004472135954999558,
    0.05084548316118883,
    0.01701392618446799,
    0.05578152872921664,
    0.051134497573607426
  ]
}