{
  "adv_t": [
    0,
    0,
    0,
    1,
    0,
    2
  ],
  "adv_w": [
    0,
    0,
    0,
    0,
    0,
    0
  ],
  "clfs": [
    "Nearest Neighbors",
    "RBF SVM",
    "Decision Tree",
    "Random Forest",
    "Naive Bayes",
    "Linear SVM"
  ],
  "mean": [
    0.69,
    0.6990000000000001,
    0.715,
    0.71,
    0.7300000000000001,
    0.7499999999999999
  ],
  "parameters": {
    "cv_method": "k10",
    "db": "german",
    "repetition": 5
  },
  "std": [
    0.06110100926607787,
    0.0031622776601683824,
    0.043779751788545665,
    0.010540925533894607,
    0.03651483716701108,
    0.035901098714230056
  ]
}