{
  "adv_t": [
    0,
    0,
    1,
    0,
    1,
    5
  ],
  "adv_w": [
    0,
    0,
    2,
    1,
    2,
    5
  ],
  "clfs": [
    "Nearest Neighbors",
    "RBF SVM",
    "Decision Tree",
    "Random Forest",
    "Naive Bayes",
    "Linear SVM"
  ],
  "mean": [
    0.6950000000000002,
    0.6989999999999997,
    0.7250000000000001,
    0.705,
    0.7280000000000001,
    0.764
  ],
  "parameters": {
    "cv_method": "k20",
    "db": "german",
    "repetition": 2
  },
  "std": [
    0.051860135790513746,
    0.00447213595499956,
    0.053064012981343674,
    0.01701392618446799,
    0.06237408368697269,
    0.040833422842723226
  ]
}