{
  "adv_t": [
    0,
    0,
    0,
    1,
    0,
    4
  ],
  "adv_w": [
    0,
    0,
    0,
    1,
    0,
    5
  ],
  "clfs": [
    "Nearest Neighbors",
    "RBF SVM",
    "Decision Tree",
    "Random Forest",
    "Naive Bayes",
    "Linear SVM"
  ],
  "mean": [
    0.6839999999999999,
    0.6990000000000001,
    0.714,
    0.709,
    0.722,
    0.7529999999999999
  ],
  "parameters": {
    "cv_method": "k10",
    "db": "german",
    "repetition": 6
  },
  "std": [
    0.04857983120596447,
    0.0031622776601683824,
    0.04221637386396683,
    0.0128668393770792,
    0.05116422361159972,
    0.026687491868330818
  ]
}