{
  "adv_t": [
    0,
    0,
    3,
    0,
    2,
    5
  ],
  "adv_w": [
    0,
    0,
    3,
    0,
    3,
    5
  ],
  "clfs": [
    "Nearest Neighbors",
    "RBF SVM",
    "Decision Tree",
    "Random Forest",
    "Naive Bayes",
    "Linear SVM"
  ],
  "mean": [
    0.6799999999999999,
    0.6989999999999997,
    0.7349999999999999,
    0.706,
    0.73,
    0.7630000000000001
  ],
  "parameters": {
    "cv_method": "k20",
    "db": "german",
    "repetition": 7
  },
  "std": [
    0.057308031952910315,
    0.00447213595499956,
    0.03236307187293309,
    0.020621909656836742,
    0.060349857192522796,
    0.037988918051674536
  ]
}