{
  "adv_t": [
    0,
    0,
    3,
    0,
    3,
    5
  ],
  "adv_w": [
    0,
    0,
    2,
    0,
    3,
    4
  ],
  "clfs": [
    "Nearest Neighbors",
    "RBF SVM",
    "Decision Tree",
    "Random Forest",
    "Naive Bayes",
    "Linear SVM"
  ],
  "mean": [
    0.6769999999999999,
    0.6990000000000001,
    0.7259999999999999,
    0.6999999999999998,
    0.729,
    0.7540000000000001
  ],
  "parameters": {
    "cv_method": "k10",
    "db": "german",
    "repetition": 9
  },
  "std": [
    0.044733780424988795,
    0.0031622776601683824,
    0.040606512887576184,
    0.011547005383792525,
    0.03247221034122015,
    0.029888682361946552
  ]
}