{
  "adv_t": [
    0,
    0,
    3,
    1,
    0,
    4
  ],
  "adv_w": [
    0,
    0,
    3,
    1,
    2,
    5
  ],
  "clfs": [
    "Nearest Neighbors",
    "RBF SVM",
    "Decision Tree",
    "Random Forest",
    "Naive Bayes",
    "Linear SVM"
  ],
  "mean": [
    0.6910000000000001,
    0.6989999999999997,
    0.7369999999999999,
    0.7149999999999999,
    0.723,
    0.759
  ],
  "parameters": {
    "cv_method": "k20",
    "db": "german",
    "repetition": 6
  },
  "std": [
    0.06206109044617586,
    0.004472135954999558,
    0.05478186407543054,
    0.019330913339165225,
    0.0734918541852017,
    0.05250563879492524
  ]
}