{
  "adv_t": [
    0,
    0,
    2,
    0,
    0,
    3
  ],
  "adv_w": [
    0,
    0,
    2,
    1,
    0,
    5
  ],
  "clfs": [
    "Nearest Neighbors",
    "RBF SVM",
    "Decision Tree",
    "Random Forest",
    "Naive Bayes",
    "Linear SVM"
  ],
  "mean": [
    0.6860000000000002,
    0.6989999999999997,
    0.7289999999999999,
    0.7089999999999999,
    0.719,
    0.7560000000000001
  ],
  "parameters": {
    "cv_method": "k20",
    "db": "german",
    "repetition": 3
  },
  "std": [
    0.06090544872349703,
    0.00447213595499956,
    0.06504249622969181,
    0.02198085291195139,
    0.07496665925596523,
    0.0479473395343376
  ]
}