{
  "adv_t": [
    0,
    0,
    0,
    1,
    0,
    2
  ],
  "adv_w": [
    0,
    0,
    0,
    0,
    0,
    1
  ],
  "clfs": [
    "Nearest Neighbors",
    "RBF SVM",
    "Decision Tree",
    "Random Forest",
    "Naive Bayes",
    "Linear SVM"
  ],
  "mean": [
    0.6869999999999999,
    0.6990000000000001,
    0.7299999999999999,
    0.7180000000000001,
    0.726,
    0.748
  ],
  "parameters": {
    "cv_method": "k10",
    "db": "german",
    "repetition": 4
  },
  "std": [
    0.06515792780280506,
    0.0031622776601683824,
    0.037416573867739444,
    0.013984117975602034,
    0.03272783388968954,
    0.024855135843076352
  ]
}