{
  "adv_t": [
    0,
    0,
    0,
    0,
    0,
    3
  ],
  "adv_w": [
    0,
    0,
    0,
    0,
    0,
    3
  ],
  "clfs": [
    "Nearest Neighbors",
    "RBF SVM",
    "Decision Tree",
    "Random Forest",
    "Naive Bayes",
    "Linear SVM"
  ],
  "mean": [
    0.689,
    0.6990000000000001,
    0.717,
    0.709,
    0.7249999999999999,
    0.7559999999999999
  ],
  "parameters": {
    "cv_method": "k10",
    "db": "german",
    "repetition": 1
  },
  "std": [
    0.042544094772365294,
    0.0031622776601683824,
    0.04620004810002307,
    0.01595131481867388,
    0.03472111109333278,
    0.02547329756605709
  ]
}