{
  "adv_t": [
    1,
    1,
    1,
    4,
    1,
    0
  ],
  "adv_w": [
    1,
    1,
    1,
    3,
    1,
    0
  ],
  "clfs": [
    "Nearest Neighbors",
    "RBF SVM",
    "Decision Tree",
    "Random Forest",
    "Naive Bayes",
    "Linear SVM"
  ],
  "mean": [
    0.6633251633986929,
    0.7317156862745098,
    0.6958333333333334,
    0.77140522875817,
    0.6441176470588236,
    0.5131127450980392
  ],
  "parameters": {
    "cv_method": "k10",
    "db": "hayes",
    "repetition": 4
  },
  "std": [
    0.09648136256521304,
    0.14056809767870532,
    0.08381038959811594,
    0.10263371797840831,
    0.09141569105032264,
    0.11741769410316495
  ]
}