{
  "adv_t": [
    1,
    1,
    1,
    1,
    1,
    0
  ],
  "adv_w": [
    1,
    1,
    1,
    1,
    1,
    0
  ],
  "clfs": [
    "Nearest Neighbors",
    "RBF SVM",
    "Decision Tree",
    "Random Forest",
    "Naive Bayes",
    "Linear SVM"
  ],
  "mean": [
    0.6554563492063491,
    0.724940476190476,
    0.7047817460317458,
    0.7010119047619046,
    0.6970833333333333,
    0.4965476190476191
  ],
  "parameters": {
    "cv_method": "k20",
    "db": "hayes",
    "repetition": 1
  },
  "std": [
    0.1537388197344676,
    0.13165366732114717,
    0.10519986073204377,
    0.13478736076956446,
    0.17617712939693522,
    0.1577676593092038
  ]
}