{
  "adv_t": [
    1,
    1,
    1,
    1,
    1,
    0
  ],
  "adv_w": [
    1,
    2,
    1,
    1,
    1,
    0
  ],
  "clfs": [
    "Nearest Neighbors",
    "RBF SVM",
    "Decision Tree",
    "Random Forest",
    "Naive Bayes",
    "Linear SVM"
  ],
  "mean": [
    0.6722222222222223,
    0.7502976190476189,
    0.7256349206349205,
    0.7340476190476192,
    0.6836507936507934,
    0.5197619047619048
  ],
  "parameters": {
    "cv_method": "k20",
    "db": "hayes",
    "repetition": 3
  },
  "std": [
    0.1756152316235077,
    0.11656360531495057,
    0.1460851079359503,
    0.15395219063731727,
    0.18065156223582757,
    0.1694937457501916
  ]
}