{
  "adv_t": [
    0,
    1,
    1,
    1,
    1,
    0
  ],
  "adv_w": [
    1,
    2,
    1,
    1,
    1,
    0
  ],
  "clfs": [
    "Nearest Neighbors",
    "RBF SVM",
    "Decision Tree",
    "Random Forest",
    "Naive Bayes",
    "Linear SVM"
  ],
  "mean": [
    0.6540604575163399,
    0.756952614379085,
    0.7002777777777779,
    0.7257843137254902,
    0.7027777777777777,
    0.5331781045751633
  ],
  "parameters": {
    "cv_method": "k10",
    "db": "hayes",
    "repetition": 5
  },
  "std": [
    0.13736909332598005,
    0.10617064305290379,
    0.06555626013735884,
    0.12213835331537613,
    0.09646069450538813,
    0.13066008597522805
  ]
}