{
  "adv_t": [
    1,
    1,
    1,
    3,
    1,
    0
  ],
  "adv_w": [
    1,
    3,
    1,
    4,
    1,
    0
  ],
  "clfs": [
    "Nearest Neighbors",
    "RBF SVM",
    "Decision Tree",
    "Random Forest",
    "Naive Bayes",
    "Linear SVM"
  ],
  "mean": [
    0.6471031746031746,
    0.7178373015873014,
    0.6722619047619047,
    0.73515873015873,
    0.6554761904761904,
    0.48208333333333336
  ],
  "parameters": {
    "cv_method": "k20",
    "db": "hayes",
    "repetition": 5
  },
  "std": [
    0.1532780274676274,
    0.14649353286180672,
    0.16905207555282198,
    0.13030105611710285,
    0.15611582435689156,
    0.15251965169133708
  ]
}