{
  "adv_t": [
    1,
    1,
    1,
    3,
    1,
    0
  ],
  "adv_w": [
    1,
    1,
    1,
    2,
    1,
    0
  ],
  "clfs": [
    "Nearest Neighbors",
    "RBF SVM",
    "Decision Tree",
    "Random Forest",
    "Naive Bayes",
    "Linear SVM"
  ],
  "mean": [
    0.6467261904761904,
    0.7396031746031746,
    0.7233730158730158,
    0.7674603174603175,
    0.6770634920634919,
    0.5031349206349206
  ],
  "parameters": {
    "cv_method": "k20",
    "db": "hayes",
    "repetition": 4
  },
  "std": [
    0.17766682947981652,
    0.15050711465214148,
    0.09741089564352165,
    0.13270928472928437,
    0.1340440713017416,
    0.14548006900619398
  ]
}