{
  "adv_t": [
    1,
    1,
    1,
    2,
    1,
    0
  ],
  "adv_w": [
    1,
    2,
    1,
    3,
    2,
    0
  ],
  "clfs": [
    "Nearest Neighbors",
    "RBF SVM",
    "Decision Tree",
    "Random Forest",
    "Naive Bayes",
    "Linear SVM"
  ],
  "mean": [
    0.6449404761904761,
    0.7149404761904761,
    0.705297619047619,
    0.7508730158730159,
    0.7065277777777778,
    0.5184920634920636
  ],
  "parameters": {
    "cv_method": "k20",
    "db": "hayes",
    "repetition": 9
  },
  "std": [
    0.11284524209431684,
    0.16906283024860097,
    0.15797393349890093,
    0.17196257410059415,
    0.14804022675201853,
    0.1397111001218646
  ]
}