{
  "adv_t": [
    1,
    2,
    2,
    2,
    1,
    0
  ],
  "adv_w": [
    1,
    2,
    2,
    2,
    1,
    0
  ],
  "clfs": [
    "Nearest Neighbors",
    "RBF SVM",
    "Decision Tree",
    "Random Forest",
    "Naive Bayes",
    "Linear SVM"
  ],
  "mean": [
    0.6438662290982966,
    0.7598999843725582,
    0.7323956868260666,
    0.7248007501172057,
    0.6863103609939054,
    0.48498202844194405
  ],
  "parameters": {
    "cv_method": "k2x5",
    "db": "hayes",
    "repetition": 1
  },
  "std": [
    0.034814368378195806,
    0.04331256061889269,
    0.035024316682954255,
    0.046306594389716904,
    0.07855777667268775,
    0.03757172710645537
  ]
}