{
  "adv_t": [
    1,
    1,
    2,
    4,
    1,
    0
  ],
  "adv_w": [
    1,
    2,
    1,
    4,
    2,
    0
  ],
  "clfs": [
    "Nearest Neighbors",
    "RBF SVM",
    "Decision Tree",
    "Random Forest",
    "Naive Bayes",
    "Linear SVM"
  ],
  "mean": [
    0.6624101307189542,
    0.735326797385621,
    0.7257434640522875,
    0.8009885620915032,
    0.7064379084967319,
    0.5140032679738562
  ],
  "parameters": {
    "cv_method": "k10",
    "db": "hayes",
    "repetition": 1
  },
  "std": [
    0.07057777467022058,
    0.1267693492576271,
    0.060280911091803335,
    0.058556194370620054,
    0.07192777545088863,
    0.06127361655122334
  ]
}