{
  "adv_t": [
    0,
    1,
    1,
    1,
    0,
    0
  ],
  "adv_w": [
    0,
    1,
    1,
    1,
    0,
    0
  ],
  "clfs": [
    "Nearest Neighbors",
    "RBF SVM",
    "Decision Tree",
    "Random Forest",
    "Naive Bayes",
    "Linear SVM"
  ],
  "mean": [
    0.6513690476190476,
    0.7127976190476188,
    0.7302777777777778,
    0.7377976190476191,
    0.6550992063492064,
    0.49942460317460313
  ],
  "parameters": {
    "cv_method": "k20",
    "db": "hayes",
    "repetition": 7
  },
  "std": [
    0.1542754427991223,
    0.14246493518578163,
    0.14520231719867902,
    0.17678803488683917,
    0.16229907361204582,
    0.21122797011122516
  ]
}