{
  "adv_t": [
    1,
    1,
    1,
    1,
    1,
    0
  ],
  "adv_w": [
    1,
    2,
    1,
    1,
    1,
    0
  ],
  "clfs": [
    "Nearest Neighbors",
    "RBF SVM",
    "Decision Tree",
    "Random Forest",
    "Naive Bayes",
    "Linear SVM"
  ],
  "mean": [
    0.6502369281045752,
    0.7428513071895425,
    0.7242238562091503,
    0.7221977124183008,
    0.6816748366013072,
    0.48053104575163397
  ],
  "parameters": {
    "cv_method": "k10",
    "db": "hayes",
    "repetition": 2
  },
  "std": [
    0.11084025501793984,
    0.14210025276434232,
    0.10073993777584514,
    0.10298701624014217,
    0.09754818367990473,
    0.09200849061926296
  ]
}