{
  "adv_t": [
    1,
    2,
    2,
    2,
    2,
    0
  ],
  "adv_w": [
    1,
    2,
    2,
    2,
    2,
    0
  ],
  "clfs": [
    "Nearest Neighbors",
    "RBF SVM",
    "Decision Tree",
    "Random Forest",
    "Naive Bayes",
    "Linear SVM"
  ],
  "mean": [
    0.6053445850914205,
    0.7302078449757774,
    0.7164088138771683,
    0.7300828254414751,
    0.7039381153305204,
    0.5064072511329895
  ],
  "parameters": {
    "cv_method": "k2x5",
    "db": "hayes",
    "repetition": 0
  },
  "std": [
    0.05929095258463999,
    0.05209830657886175,
    0.04788371307068097,
    0.07028372522195835,
    0.06100831094382669,
    0.02503148385491754
  ]
}