{
  "adv_t": [
    1,
    1,
    1,
    2,
    1,
    0
  ],
  "adv_w": [
    1,
    1,
    1,
    4,
    1,
    0
  ],
  "clfs": [
    "Nearest Neighbors",
    "RBF SVM",
    "Decision Tree",
    "Random Forest",
    "Naive Bayes",
    "Linear SVM"
  ],
  "mean": [
    0.6726388888888887,
    0.7271230158730159,
    0.6558730158730157,
    0.7803571428571427,
    0.6826587301587301,
    0.4874007936507937
  ],
  "parameters": {
    "cv_method": "k20",
    "db": "hayes",
    "repetition": 8
  },
  "std": [
    0.16092387990410398,
    0.16981288044768958,
    0.13481110104888586,
    0.1528001263910939,
    0.15278410298399414,
    0.1524858267340364
  ]
}