{
  "adv_t": [
    1,
    1,
    1,
    1,
    1,
    0
  ],
  "adv_w": [
    1,
    1,
    1,
    3,
    1,
    0
  ],
  "clfs": [
    "Nearest Neighbors",
    "RBF SVM",
    "Decision Tree",
    "Random Forest",
    "Naive Bayes",
    "Linear SVM"
  ],
  "mean": [
    0.6665674603174604,
    0.710813492063492,
    0.6942460317460317,
    0.7737103174603173,
    0.6749603174603173,
    0.509920634920635
  ],
  "parameters": {
    "cv_method": "k20",
    "db": "hayes",
    "repetition": 6
  },
  "std": [
    0.18713070251998268,
    0.17290522447117612,
    0.15538222082766198,
    0.15659507419478597,
    0.16376420582006168,
    0.15158855908885438
  ]
}