{
  "adv_t": [
    1,
    1,
    1,
    2,
    1,
    0
  ],
  "adv_w": [
    1,
    2,
    1,
    3,
    1,
    0
  ],
  "clfs": [
    "Nearest Neighbors",
    "RBF SVM",
    "Decision Tree",
    "Random Forest",
    "Naive Bayes",
    "Linear SVM"
  ],
  "mean": [
    0.6431699346405229,
    0.7206209150326797,
    0.7296813725490197,
    0.7567401960784313,
    0.6712499999999999,
    0.4744199346405229
  ],
  "parameters": {
    "cv_method": "k10",
    "db": "hayes",
    "repetition": 8
  },
  "std": [
    0.15811189044618254,
    0.08322417986944387,
    0.09862234328544923,
    0.12334443660599631,
    0.15103272946597762,
    0.0440818335837164
  ]
}