{
  "adv_t": [
    1,
    1,
    1,
    2,
    1,
    0
  ],
  "adv_w": [
    1,
    3,
    2,
    4,
    1,
    0
  ],
  "clfs": [
    "Nearest Neighbors",
    "RBF SVM",
    "Decision Tree",
    "Random Forest",
    "Naive Bayes",
    "Linear SVM"
  ],
  "mean": [
    0.6728349673202614,
    0.7410375816993465,
    0.6895915032679738,
    0.772843137254902,
    0.6367156862745098,
    0.5186356209150327
  ],
  "parameters": {
    "cv_method": "k10",
    "db": "hayes",
    "repetition": 6
  },
  "std": [
    0.1470393316481924,
    0.12833410292486053,
    0.09991500278690506,
    0.11503458294622844,
    0.1488888404717969,
    0.15316429254045946
  ]
}