{
  "adv_t": [
    0,
    1,
    2,
    2,
    1,
    0
  ],
  "adv_w": [
    0,
    2,
    2,
    2,
    1,
    0
  ],
  "clfs": [
    "Nearest Neighbors",
    "RBF SVM",
    "Decision Tree",
    "Random Forest",
    "Naive Bayes",
    "Linear SVM"
  ],
  "mean": [
    0.622173202614379,
    0.7144117647058825,
    0.7406209150326797,
    0.7621895424836601,
    0.681078431372549,
    0.5300816993464051
  ],
  "parameters": {
    "cv_method": "k10",
    "db": "hayes",
    "repetition": 0
  },
  "std": [
    0.12082353527500157,
    0.1035860597149491,
    0.0899492019358815,
    0.07761069822713121,
    0.15408075667075155,
    0.09256428024145535
  ]
}