{
  "adv_t": [
    1,
    1,
    1,
    1,
    1,
    0
  ],
  "adv_w": [
    1,
    2,
    1,
    1,
    1,
    0
  ],
  "clfs": [
    "Nearest Neighbors",
    "RBF SVM",
    "Decision Tree",
    "Random Forest",
    "Naive Bayes",
    "Linear SVM"
  ],
  "mean": [
    0.6651388888888887,
    0.7244444444444443,
    0.7053174603174602,
    0.7303174603174601,
    0.6865873015873014,
    0.49545634920634923
  ],
  "parameters": {
    "cv_method": "k20",
    "db": "hayes",
    "repetition": 2
  },
  "std": [
    0.15350296997145416,
    0.15487579084105077,
    0.16224611622607127,
    0.13537513745918045,
    0.17183760454877034,
    0.19039186708246336
  ]
}