{
  "adv_t": [
    1,
    1,
    1,
    3,
    1,
    0
  ],
  "adv_w": [
    1,
    1,
    1,
    3,
    1,
    0
  ],
  "clfs": [
    "Nearest Neighbors",
    "RBF SVM",
    "Decision Tree",
    "Random Forest",
    "Naive Bayes",
    "Linear SVM"
  ],
  "mean": [
    0.6479656862745098,
    0.7103349673202615,
    0.7041666666666666,
    0.7938235294117646,
    0.6763071895424837,
    0.5067728758169936
  ],
  "parameters": {
    "cv_method": "k10",
    "db": "hayes",
    "repetition": 7
  },
  "std": [
    0.07583741995092315,
    0.10651493082154141,
    0.12358370396282987,
    0.0824540954649503,
    0.09376209392709418,
    0.0955854456047869
  ]
}