{
  "adv_t": [
    1,
    2,
    1,
    2,
    1,
    0
  ],
  "adv_w": [
    1,
    2,
    1,
    3,
    1,
    0
  ],
  "clfs": [
    "Nearest Neighbors",
    "RBF SVM",
    "Decision Tree",
    "Random Forest",
    "Naive Bayes",
    "Linear SVM"
  ],
  "mean": [
    0.6322630718954247,
    0.7331045751633987,
    0.6833333333333333,
    0.7374183006535947,
    0.7115686274509804,
    0.4762581699346405
  ],
  "parameters": {
    "cv_method": "k10",
    "db": "hayes",
    "repetition": 9
  },
  "std": [
    0.10190731111873216,
    0.06907177977161506,
    0.1148291797721628,
    0.07768973523334778,
    0.14447978155870655,
    0.09595398158090909
  ]
}