{
  "adv_t": [
    1,
    1,
    1,
    1,
    1,
    0
  ],
  "adv_w": [
    1,
    1,
    1,
    1,
    1,
    0
  ],
  "clfs": [
    "Nearest Neighbors",
    "RBF SVM",
    "Decision Tree",
    "Random Forest",
    "Naive Bayes",
    "Linear SVM"
  ],
  "mean": [
    0.6817063492063491,
    0.7387103174603175,
    0.7303174603174601,
    0.7519047619047619,
    0.6826587301587301,
    0.5107936507936508
  ],
  "parameters": {
    "cv_method": "k20",
    "db": "hayes",
    "repetition": 0
  },
  "std": [
    0.13719759705176007,
    0.10741707189675005,
    0.0913742456140321,
    0.19320970898425657,
    0.16265062871868313,
    0.16487980756750145
  ]
}