{
  "adv_t": [
    1,
    4,
    4,
    2,
    2,
    0
  ],
  "adv_w": [
    1,
    4,
    2,
    2,
    2,
    0
  ],
  "clfs": [
    "Nearest Neighbors",
    "RBF SVM",
    "Decision Tree",
    "Random Forest",
    "Naive Bayes",
    "Linear SVM"
  ],
  "mean": [
    0.6061103297390218,
    0.7677137052664478,
    0.7461947179246757,
    0.6934989842162838,
    0.6687451164244413,
    0.4862791061103297
  ],
  "parameters": {
    "cv_method": "k2x5",
    "db": "hayes",
    "repetition": 8
  },
  "std": [
    0.03994999944045003,
    0.0401540587933315,
    0.029295648629479306,
    0.031902618530686426,
    0.037476261378261884,
    0.03935213744995311
  ]
}