{
  "adv_t": [
    1,
    1,
    1,
    1,
    1,
    0
  ],
  "adv_w": [
    1,
    1,
    1,
    1,
    1,
    0
  ],
  "clfs": [
    "Nearest Neighbors",
    "RBF SVM",
    "Decision Tree",
    "Random Forest",
    "Naive Bayes",
    "Linear SVM"
  ],
  "mean": [
    0.6248447712418301,
    0.7193545751633986,
    0.7138480392156863,
    0.7319934640522876,
    0.6859150326797385,
    0.4756617647058824
  ],
  "parameters": {
    "cv_method": "k10",
    "db": "hayes",
    "repetition": 3
  },
  "std": [
    0.17971964831660264,
    0.11239930216896547,
    0.0503176783288232,
    0.078977830345453,
    0.1128835151715867,
    0.09087391895045661
  ]
}