{
  "adv_t": [
    1,
    0,
    2,
    2,
    3,
    3
  ],
  "adv_w": [
    1,
    0,
    2,
    2,
    4,
    4
  ],
  "clfs": [
    "Nearest Neighbors",
    "RBF SVM",
    "Decision Tree",
    "Random Forest",
    "Naive Bayes",
    "Linear SVM"
  ],
  "mean": [
    0.6510989010989012,
    0.5549450549450549,
    0.7744505494505496,
    0.7994505494505495,
    0.8453296703296704,
    0.8483516483516486
  ],
  "parameters": {
    "cv_method": "k20",
    "db": "heart",
    "repetition": 3
  },
  "std": [
    0.18558864473942419,
    0.016911731078326712,
    0.1202792175247353,
    0.11852296485276922,
    0.0966302335851624,
    0.0902909774591507
  ]
}