{
  "adv_t": [
    1,
    0,
    2,
    2,
    4,
    3
  ],
  "adv_w": [
    0,
    0,
    2,
    2,
    4,
    4
  ],
  "clfs": [
    "Nearest Neighbors",
    "RBF SVM",
    "Decision Tree",
    "Random Forest",
    "Naive Bayes",
    "Linear SVM"
  ],
  "mean": [
    0.6407407407407408,
    0.5555555555555555,
    0.7703703703703704,
    0.7814814814814814,
    0.8444444444444444,
    0.837037037037037
  ],
  "parameters": {
    "cv_method": "k10",
    "db": "heart",
    "repetition": 8
  },
  "std": [
    0.11186302508715353,
    1.1702778228589004e-16,
    0.07156235430217008,
    0.047654960655848864,
    0.06716775559869353,
    0.07027283689263063
  ]
}