{
  "adv_t": [
    1,
    0,
    2,
    2,
    2,
    2
  ],
  "adv_w": [
    1,
    0,
    2,
    2,
    3,
    3
  ],
  "clfs": [
    "Nearest Neighbors",
    "RBF SVM",
    "Decision Tree",
    "Random Forest",
    "Naive Bayes",
    "Linear SVM"
  ],
  "mean": [
    0.6546703296703296,
    0.5549450549450549,
    0.7813186813186814,
    0.8285714285714288,
    0.8412087912087914,
    0.8436813186813188
  ],
  "parameters": {
    "cv_method": "k20",
    "db": "heart",
    "repetition": 1
  },
  "std": [
    0.12248882204539285,
    0.016911731078326712,
    0.10997105174032572,
    0.08236165443814242,
    0.08925556727334263,
    0.1142355826116148
  ]
}