{
  "adv_t": [
    1,
    0,
    2,
    2,
    2,
    3
  ],
  "adv_w": [
    0,
    0,
    2,
    2,
    2,
    4
  ],
  "clfs": [
    "Nearest Neighbors",
    "RBF SVM",
    "Decision Tree",
    "Random Forest",
    "Naive Bayes",
    "Linear SVM"
  ],
  "mean": [
    0.6513736263736264,
    0.5549450549450549,
    0.7736263736263738,
    0.7964285714285715,
    0.840934065934066,
    0.851923076923077
  ],
  "parameters": {
    "cv_method": "k20",
    "db": "heart",
    "repetition": 2
  },
  "std": [
    0.15564791219509277,
    0.016911731078326712,
    0.10039359679697314,
    0.07806056035751746,
    0.058732261275597324,
    0.06739925430214208
  ]
}