{
  "adv_t": [
    1,
    0,
    2,
    3,
    4,
    3
  ],
  "adv_w": [
    1,
    0,
    2,
    3,
    4,
    3
  ],
  "clfs": [
    "Nearest Neighbors",
    "RBF SVM",
    "Decision Tree",
    "Random Forest",
    "Naive Bayes",
    "Linear SVM"
  ],
  "mean": [
    0.6437037037037038,
    0.5555555555555555,
    0.7348148148148148,
    0.7896296296296296,
    0.8422222222222222,
    0.8177777777777777
  ],
  "parameters": {
    "cv_method": "k2x5",
    "db": "heart",
    "repetition": 1
  },
  "std": [
    0.01926875359518682,
    1.1702778228589004e-16,
    0.03453260985095721,
    0.037315823184814925,
    0.018820581728552624,
    0.04460874979016776
  ]
}