{
  "adv_t": [
    1,
    0,
    2,
    2,
    4,
    3
  ],
  "adv_w": [
    1,
    0,
    2,
    2,
    4,
    3
  ],
  "clfs": [
    "Nearest Neighbors",
    "RBF SVM",
    "Decision Tree",
    "Random Forest",
    "Naive Bayes",
    "Linear SVM"
  ],
  "mean": [
    0.6370370370370371,
    0.5555555555555555,
    0.7777777777777778,
    0.7962962962962963,
    0.8481481481481483,
    0.8296296296296296
  ],
  "parameters": {
    "cv_method": "k10",
    "db": "heart",
    "repetition": 5
  },
  "std": [
    0.05997510025427714,
    1.1702778228589004e-16,
    0.06295085819250353,
    0.05310077325334959,
    0.044341444434735706,
    0.07027283689263067
  ]
}