{
  "adv_t": [
    1,
    0,
    2,
    2,
    2,
    2
  ],
  "adv_w": [
    1,
    0,
    2,
    2,
    3,
    3
  ],
  "clfs": [
    "Nearest Neighbors",
    "RBF SVM",
    "Decision Tree",
    "Random Forest",
    "Naive Bayes",
    "Linear SVM"
  ],
  "mean": [
    0.6552197802197802,
    0.5549450549450549,
    0.7824175824175826,
    0.8189560439560442,
    0.8376373626373628,
    0.841758241758242
  ],
  "parameters": {
    "cv_method": "k20",
    "db": "heart",
    "repetition": 5
  },
  "std": [
    0.1822920662621573,
    0.016911731078326712,
    0.09892358847185131,
    0.09802119670199835,
    0.09942146697782109,
    0.08786869953011855
  ]
}