{
  "adv_t": [
    1,
    0,
    1,
    2,
    2,
    3
  ],
  "adv_w": [
    0,
    0,
    1,
    2,
    2,
    2
  ],
  "clfs": [
    "Nearest Neighbors",
    "RBF SVM",
    "Decision Tree",
    "Random Forest",
    "Naive Bayes",
    "Linear SVM"
  ],
  "mean": [
    0.6592592592592592,
    0.5555555555555555,
    0.7555555555555555,
    0.837037037037037,
    0.8407407407407408,
    0.8481481481481481
  ],
  "parameters": {
    "cv_method": "k10",
    "db": "heart",
    "repetition": 3
  },
  "std": [
    0.10299582031908251,
    1.1702778228589004e-16,
    0.049996189460040974,
    0.07847036336825036,
    0.08198497637473577,
    0.07895445410034314
  ]
}