{
  "adv_t": [
    1,
    0,
    2,
    2,
    2,
    2
  ],
  "adv_w": [
    1,
    0,
    2,
    2,
    2,
    2
  ],
  "clfs": [
    "Nearest Neighbors",
    "RBF SVM",
    "Decision Tree",
    "Random Forest",
    "Naive Bayes",
    "Linear SVM"
  ],
  "mean": [
    0.6510989010989011,
    0.5549450549450549,
    0.8041208791208794,
    0.7997252747252749,
    0.8442307692307693,
    0.8395604395604399
  ],
  "parameters": {
    "cv_method": "k20",
    "db": "heart",
    "repetition": 8
  },
  "std": [
    0.12947878727465115,
    0.016911731078326712,
    0.08586902658121631,
    0.08032775559689358,
    0.10362834852608954,
    0.09384952647596949
  ]
}