{
  "adv_t": [
    1,
    0,
    2,
    3,
    3,
    3
  ],
  "adv_w": [
    1,
    0,
    2,
    3,
    3,
    3
  ],
  "clfs": [
    "Nearest Neighbors",
    "RBF SVM",
    "Decision Tree",
    "Random Forest",
    "Naive Bayes",
    "Linear SVM"
  ],
  "mean": [
    0.6503703703703705,
    0.5555555555555555,
    0.7444444444444445,
    0.7992592592592592,
    0.8229629629629628,
    0.8244444444444445
  ],
  "parameters": {
    "cv_method": "k2x5",
    "db": "heart",
    "repetition": 2
  },
  "std": [
    0.03773821861638084,
    1.1702778228589004e-16,
    0.03335618786692914,
    0.038954481231131655,
    0.034293443072526755,
    0.03163000549116025
  ]
}