{
  "adv_t": [
    0,
    0,
    2,
    2,
    2,
    2
  ],
  "adv_w": [
    0,
    0,
    2,
    2,
    2,
    2
  ],
  "clfs": [
    "Nearest Neighbors",
    "RBF SVM",
    "Decision Tree",
    "Random Forest",
    "Naive Bayes",
    "Linear SVM"
  ],
  "mean": [
    0.6340659340659341,
    0.5549450549450549,
    0.7747252747252747,
    0.8351648351648352,
    0.8381868131868133,
    0.8392857142857144
  ],
  "parameters": {
    "cv_method": "k20",
    "db": "heart",
    "repetition": 0
  },
  "std": [
    0.13704880285371052,
    0.016911731078326712,
    0.1523516603662376,
    0.11559786402851838,
    0.09406725498118516,
    0.12516553590845675
  ]
}