{
  "adv_t": [
    1,
    0,
    2,
    2,
    3,
    3
  ],
  "adv_w": [
    1,
    0,
    2,
    2,
    3,
    3
  ],
  "clfs": [
    "Nearest Neighbors",
    "RBF SVM",
    "Decision Tree",
    "Random Forest",
    "Naive Bayes",
    "Linear SVM"
  ],
  "mean": [
    0.6497252747252746,
    0.5549450549450549,
    0.7780219780219781,
    0.7997252747252748,
    0.8453296703296704,
    0.8472527472527475
  ],
  "parameters": {
    "cv_method": "k20",
    "db": "heart",
    "repetition": 4
  },
  "std": [
    0.12282045647278943,
    0.016911731078326712,
    0.10252037129881951,
    0.1082361799198497,
    0.10717103039002907,
    0.06875588780141337
  ]
}