{
  "adv_t": [
    1,
    0,
    2,
    3,
    3,
    3
  ],
  "adv_w": [
    1,
    0,
    2,
    3,
    3,
    3
  ],
  "clfs": [
    "Nearest Neighbors",
    "RBF SVM",
    "Decision Tree",
    "Random Forest",
    "Naive Bayes",
    "Linear SVM"
  ],
  "mean": [
    0.6546703296703297,
    0.5549450549450549,
    0.7596153846153848,
    0.8263736263736267,
    0.8368131868131868,
    0.8442307692307693
  ],
  "parameters": {
    "cv_method": "k20",
    "db": "heart",
    "repetition": 7
  },
  "std": [
    0.14076497759336673,
    0.016911731078326712,
    0.12224990411365044,
    0.09590606759632596,
    0.07657319420339062,
    0.05363608531655448
  ]
}