{
  "adv_t": [
    1,
    0,
    2,
    3,
    3,
    3
  ],
  "adv_w": [
    1,
    0,
    2,
    3,
    3,
    3
  ],
  "clfs": [
    "Nearest Neighbors",
    "RBF SVM",
    "Decision Tree",
    "Random Forest",
    "Naive Bayes",
    "Linear SVM"
  ],
  "mean": [
    0.6461538461538461,
    0.5549450549450549,
    0.7395604395604395,
    0.8082417582417584,
    0.8406593406593407,
    0.8379120879120879
  ],
  "parameters": {
    "cv_method": "k20",
    "db": "heart",
    "repetition": 6
  },
  "std": [
    0.12576739950674046,
    0.016911731078326712,
    0.12504519676866102,
    0.08317370525820551,
    0.10970197892596636,
    0.10369310990343351
  ]
}