{
  "adv_t": [
    1,
    0,
    2,
    3,
    4,
    3
  ],
  "adv_w": [
    1,
    0,
    2,
    3,
    5,
    3
  ],
  "clfs": [
    "Nearest Neighbors",
    "RBF SVM",
    "Decision Tree",
    "Random Forest",
    "Naive Bayes",
    "Linear SVM"
  ],
  "mean": [
    0.6459259259259259,
    0.5555555555555555,
    0.7511111111111111,
    0.8088888888888889,
    0.837037037037037,
    0.8237037037037037
  ],
  "parameters": {
    "cv_method": "k2x5",
    "db": "heart",
    "repetition": 3
  },
  "std": [
    0.011475506210984919,
    1.1702778228589004e-16,
    0.03860073530046975,
    0.033819049221262096,
    0.023939159789710264,
    0.019061984262339526
  ]
}