{
  "adv_t": [
    1,
    0,
    2,
    2,
    2,
    2
  ],
  "adv_w": [
    0,
    0,
    2,
    2,
    2,
    2
  ],
  "clfs": [
    "Nearest Neighbors",
    "RBF SVM",
    "Decision Tree",
    "Random Forest",
    "Naive Bayes",
    "Linear SVM"
  ],
  "mean": [
    0.6407407407407407,
    0.5555555555555555,
    0.7703703703703705,
    0.8222222222222222,
    0.8481481481481481,
    0.8407407407407408
  ],
  "parameters": {
    "cv_method": "k10",
    "db": "heart",
    "repetition": 9
  },
  "std": [
    0.08738438700832782,
    1.1702778228589004e-16,
    0.09845630635741674,
    0.07570227020620196,
    0.056440145435370195,
    0.055349411781382495
  ]
}