{
  "adv_t": [
    1,
    0,
    2,
    2,
    2,
    2
  ],
  "adv_w": [
    0,
    0,
    1,
    2,
    2,
    2
  ],
  "clfs": [
    "Nearest Neighbors",
    "RBF SVM",
    "Decision Tree",
    "Random Forest",
    "Naive Bayes",
    "Linear SVM"
  ],
  "mean": [
    0.6481481481481481,
    0.5555555555555555,
    0.7777777777777778,
    0.8370370370370372,
    0.8407407407407407,
    0.8481481481481481
  ],
  "parameters": {
    "cv_method": "k10",
    "db": "heart",
    "repetition": 1
  },
  "std": [
    0.0804839803111438,
    1.1702778228589004e-16,
    0.08000914442478839,
    0.06098315572952332,
    0.06307180135528302,
    0.06160481456728224
  ]
}