{
  "adv_t": [
    1,
    0,
    2,
    2,
    2,
    2
  ],
  "adv_w": [
    1,
    0,
    1,
    2,
    2,
    2
  ],
  "clfs": [
    "Nearest Neighbors",
    "RBF SVM",
    "Decision Tree",
    "Random Forest",
    "Naive Bayes",
    "Linear SVM"
  ],
  "mean": [
    0.6555555555555556,
    0.5555555555555555,
    0.7777777777777778,
    0.7814814814814816,
    0.8481481481481481,
    0.8481481481481481
  ],
  "parameters": {
    "cv_method": "k10",
    "db": "heart",
    "repetition": 7
  },
  "std": [
    0.08198497637473577,
    1.1702778228589004e-16,
    0.0855333732132779,
    0.0708129896281481,
    0.047654960655848864,
    0.059078943772866176
  ]
}