{
  "adv_t": [
    1,
    0,
    2,
    2,
    2,
    2
  ],
  "adv_w": [
    1,
    0,
    2,
    3,
    3,
    3
  ],
  "clfs": [
    "Nearest Neighbors",
    "RBF SVM",
    "Decision Tree",
    "Random Forest",
    "Naive Bayes",
    "Linear SVM"
  ],
  "mean": [
    0.6481481481481483,
    0.5555555555555555,
    0.7814814814814814,
    0.8185185185185185,
    0.8407407407407408,
    0.8333333333333334
  ],
  "parameters": {
    "cv_method": "k10",
    "db": "heart",
    "repetition": 2
  },
  "std": [
    0.08597770541471678,
    1.1702778228589004e-16,
    0.08979306936280582,
    0.0663687903985956,
    0.08911151818577087,
    0.0944262872887553
  ]
}