{
  "adv_t": [
    1,
    0,
    2,
    2,
    3,
    3
  ],
  "adv_w": [
    1,
    0,
    2,
    3,
    4,
    3
  ],
  "clfs": [
    "Nearest Neighbors",
    "RBF SVM",
    "Decision Tree",
    "Random Forest",
    "Naive Bayes",
    "Linear SVM"
  ],
  "mean": [
    0.6555555555555554,
    0.5555555555555555,
    0.7518518518518519,
    0.8,
    0.8555555555555554,
    0.8296296296296297
  ],
  "parameters": {
    "cv_method": "k10",
    "db": "heart",
    "repetition": 0
  },
  "std": [
    0.11847993199022297,
    1.1702778228589004e-16,
    0.09410290864276297,
    0.06806937655353199,
    0.08807930361351585,
    0.10210406483029792
  ]
}