{
  "adv_t": [
    1,
    0,
    2,
    2,
    3,
    3
  ],
  "adv_w": [
    1,
    0,
    2,
    2,
    3,
    3
  ],
  "clfs": [
    "Nearest Neighbors",
    "RBF SVM",
    "Decision Tree",
    "Random Forest",
    "Naive Bayes",
    "Linear SVM"
  ],
  "mean": [
    0.6560439560439559,
    0.5549450549450549,
    0.7703296703296705,
    0.8266483516483518,
    0.8447802197802199,
    0.8414835164835166
  ],
  "parameters": {
    "cv_method": "k20",
    "db": "heart",
    "repetition": 9
  },
  "std": [
    0.14838270565811276,
    0.016911731078326712,
    0.08695985151123228,
    0.09720731670318424,
    0.07924037871822531,
    0.08697218420113446
  ]
}