{
  "adv_t": [
    1,
    0,
    2,
    2,
    2,
    2
  ],
  "adv_w": [
    1,
    0,
    2,
    2,
    3,
    2
  ],
  "clfs": [
    "Nearest Neighbors",
    "RBF SVM",
    "Decision Tree",
    "Random Forest",
    "Naive Bayes",
    "Linear SVM"
  ],
  "mean": [
    0.6481481481481481,
    0.5555555555555555,
    0.7666666666666666,
    0.8296296296296296,
    0.8370370370370372,
    0.8259259259259257
  ],
  "parameters": {
    "cv_method": "k10",
    "db": "heart",
    "repetition": 6
  },
  "std": [
    0.10067596561913635,
    1.1702778228589004e-16,
    0.09884256247529927,
    0.07847036336825042,
    0.07240927554871701,
    0.05534941178138248
  ]
}