{
  "adv_t": [
    1,
    0,
    1,
    2,
    3,
    3
  ],
  "adv_w": [
    0,
    0,
    1,
    2,
    2,
    2
  ],
  "clfs": [
    "Nearest Neighbors",
    "RBF SVM",
    "Decision Tree",
    "Random Forest",
    "Naive Bayes",
    "Linear SVM"
  ],
  "mean": [
    0.6518518518518517,
    0.5555555555555555,
    0.7555555555555555,
    0.7888888888888889,
    0.8407407407407407,
    0.8407407407407408
  ],
  "parameters": {
    "cv_method": "k10",
    "db": "heart",
    "repetition": 4
  },
  "std": [
    0.10504714758608714,
    1.1702778228589004e-16,
    0.06806937655353196,
    0.06773267518195161,
    0.0429445114343854,
    0.03923518168412518
  ]
}