{
  "adv_t": [
    0,
    0,
    0,
    0,
    0,
    0
  ],
  "adv_w": [
    0,
    0,
    0,
    0,
    0,
    0
  ],
  "clfs": [
    "Nearest Neighbors",
    "RBF SVM",
    "Decision Tree",
    "Random Forest",
    "Naive Bayes",
    "Linear SVM"
  ],
  "mean": [
    0.8466374269005851,
    0.8952184382524943,
    0.8834537323701414,
    0.8977038183694532,
    0.8896628826969385,
    0.8548245614035087
  ],
  "parameters": {
    "cv_method": "k20",
    "db": "ionosphere",
    "repetition": 3
  },
  "std": [
    0.08094705081784252,
    0.07131745419789794,
    0.07099431944743312,
    0.05356735539889313,
    0.055511873096788074,
    0.06588055393318264
  ]
}