{
  "adv_t": [
    0,
    0,
    0,
    1,
    0,
    0
  ],
  "adv_w": [
    0,
    0,
    0,
    1,
    0,
    0
  ],
  "clfs": [
    "Nearest Neighbors",
    "RBF SVM",
    "Decision Tree",
    "Random Forest",
    "Naive Bayes",
    "Linear SVM"
  ],
  "mean": [
    0.8434780578898226,
    0.8943697478991597,
    0.8831746031746031,
    0.9149579831932773,
    0.8799906629318395,
    0.8625863678804855
  ],
  "parameters": {
    "cv_method": "k10",
    "db": "ionosphere",
    "repetition": 7
  },
  "std": [
    0.049776382625398866,
    0.041783331913329405,
    0.03097681089563239,
    0.03987652797346953,
    0.07377917390272774,
    0.06153408212408335
  ]
}