{
  "adv_t": [
    0,
    1,
    1,
    5,
    1,
    0
  ],
  "adv_w": [
    0,
    1,
    1,
    4,
    1,
    0
  ],
  "clfs": [
    "Nearest Neighbors",
    "RBF SVM",
    "Decision Tree",
    "Random Forest",
    "Naive Bayes",
    "Linear SVM"
  ],
  "mean": [
    0.8359058441558445,
    0.8735454545454544,
    0.8746525974025975,
    0.9066103896103896,
    0.8735454545454544,
    0.8546948051948053
  ],
  "parameters": {
    "cv_method": "k2x5",
    "db": "ionosphere",
    "repetition": 4
  },
  "std": [
    0.02692191072864556,
    0.031931054031150666,
    0.0326997720311679,
    0.026517961685168397,
    0.034170386980747654,
    0.013571715097398605
  ]
}