{
  "adv_t": [
    0,
    0,
    0,
    1,
    0,
    0
  ],
  "adv_w": [
    0,
    0,
    0,
    1,
    0,
    0
  ],
  "clfs": [
    "Nearest Neighbors",
    "RBF SVM",
    "Decision Tree",
    "Random Forest",
    "Naive Bayes",
    "Linear SVM"
  ],
  "mean": [
    0.8400513538748833,
    0.891591970121382,
    0.8913538748832867,
    0.9112838468720824,
    0.893888888888889,
    0.8575350140056021
  ],
  "parameters": {
    "cv_method": "k10",
    "db": "ionosphere",
    "repetition": 5
  },
  "std": [
    0.048738265795983775,
    0.03548763899871253,
    0.04253218631114208,
    0.03757107556047184,
    0.051350778703031,
    0.06386161090826603
  ]
}