{
  "adv_t": [
    0,
    1,
    0,
    2,
    0,
    0
  ],
  "adv_w": [
    0,
    1,
    1,
    4,
    0,
    0
  ],
  "clfs": [
    "Nearest Neighbors",
    "RBF SVM",
    "Decision Tree",
    "Random Forest",
    "Naive Bayes",
    "Linear SVM"
  ],
  "mean": [
    0.8507911936704508,
    0.8944358445132441,
    0.8884244926040594,
    0.9170364637082905,
    0.8856295149638804,
    0.8568369453044378
  ],
  "parameters": {
    "cv_method": "k20",
    "db": "ionosphere",
    "repetition": 4
  },
  "std": [
    0.08175745270082527,
    0.05988844143709011,
    0.07156790091469689,
    0.06403499094462009,
    0.09809198386095011,
    0.08446842803029157
  ]
}