{
  "adv_t": [
    0,
    1,
    1,
    2,
    1,
    0
  ],
  "adv_w": [
    0,
    1,
    1,
    4,
    1,
    0
  ],
  "clfs": [
    "Nearest Neighbors",
    "RBF SVM",
    "Decision Tree",
    "Random Forest",
    "Naive Bayes",
    "Linear SVM"
  ],
  "mean": [
    0.8433940242763771,
    0.8953501400560226,
    0.8809757236227824,
    0.9094024276377219,
    0.8830999066293183,
    0.8611998132586367
  ],
  "parameters": {
    "cv_method": "k10",
    "db": "ionosphere",
    "repetition": 4
  },
  "std": [
    0.04145242473043538,
    0.04831009352576879,
    0.04211876397468147,
    0.049595621743623655,
    0.05578988296900958,
    0.06138759374169015
  ]
}