{
  "adv_t": [
    0,
    1,
    1,
    2,
    1,
    0
  ],
  "adv_w": [
    0,
    1,
    1,
    3,
    1,
    0
  ],
  "clfs": [
    "Nearest Neighbors",
    "RBF SVM",
    "Decision Tree",
    "Random Forest",
    "Naive Bayes",
    "Linear SVM"
  ],
  "mean": [
    0.8399673202614378,
    0.9007469654528478,
    0.8830999066293185,
    0.9142250233426706,
    0.8888141923436041,
    0.8597385620915032
  ],
  "parameters": {
    "cv_method": "k10",
    "db": "ionosphere",
    "repetition": 0
  },
  "std": [
    0.03539183666892646,
    0.04383367063874564,
    0.0444957806583663,
    0.030745707047890883,
    0.03376712830128724,
    0.05861311515678084
  ]
}