{
  "adv_t": [
    0,
    0,
    0,
    2,
    0,
    0
  ],
  "adv_w": [
    0,
    1,
    0,
    2,
    1,
    0
  ],
  "clfs": [
    "Nearest Neighbors",
    "RBF SVM",
    "Decision Tree",
    "Random Forest",
    "Naive Bayes",
    "Linear SVM"
  ],
  "mean": [
    0.8493980048159615,
    0.894762641898865,
    0.8851565187478501,
    0.9059081527347782,
    0.8842363261093913,
    0.862702098383213
  ],
  "parameters": {
    "cv_method": "k20",
    "db": "ionosphere",
    "repetition": 8
  },
  "std": [
    0.098348997173536,
    0.08581393804484598,
    0.06631025338526511,
    0.06619948046966669,
    0.05943055765795966,
    0.07794003999805281
  ]
}