{
  "adv_t": [
    0,
    0,
    0,
    2,
    0,
    0
  ],
  "adv_w": [
    0,
    0,
    0,
    4,
    0,
    0
  ],
  "clfs": [
    "Nearest Neighbors",
    "RBF SVM",
    "Decision Tree",
    "Random Forest",
    "Naive Bayes",
    "Linear SVM"
  ],
  "mean": [
    0.8500343997248023,
    0.8930512555899555,
    0.8791279669762645,
    0.9286549707602341,
    0.8932146542827659,
    0.8611799105607156
  ],
  "parameters": {
    "cv_method": "k20",
    "db": "ionosphere",
    "repetition": 2
  },
  "std": [
    0.09419129304058994,
    0.07174257296734489,
    0.07340857993030175,
    0.06714200364213453,
    0.08696191980276056,
    0.08716473387060925
  ]
}