{
  "adv_t": [
    0,
    1,
    0,
    3,
    1,
    0
  ],
  "adv_w": [
    0,
    1,
    0,
    3,
    0,
    0
  ],
  "clfs": [
    "Nearest Neighbors",
    "RBF SVM",
    "Decision Tree",
    "Random Forest",
    "Naive Bayes",
    "Linear SVM"
  ],
  "mean": [
    0.8429831932773109,
    0.8978851540616246,
    0.8777824463118581,
    0.9062138188608777,
    0.8865219421101773,
    0.8540943043884222
  ],
  "parameters": {
    "cv_method": "k10",
    "db": "ionosphere",
    "repetition": 2
  },
  "std": [
    0.04816455236895894,
    0.04944035659598471,
    0.043552129473931646,
    0.021906537021140624,
    0.05292960244646717,
    0.06555958078570287
  ]
}