{
  "adv_t": [
    0,
    1,
    0,
    1,
    0,
    0
  ],
  "adv_w": [
    0,
    0,
    0,
    3,
    1,
    0
  ],
  "clfs": [
    "Nearest Neighbors",
    "RBF SVM",
    "Decision Tree",
    "Random Forest",
    "Naive Bayes",
    "Linear SVM"
  ],
  "mean": [
    0.8458204334365329,
    0.8931974544203649,
    0.8710526315789476,
    0.9006277949776405,
    0.8848297213622294,
    0.8608359133126935
  ],
  "parameters": {
    "cv_method": "k20",
    "db": "ionosphere",
    "repetition": 1
  },
  "std": [
    0.07964226250617061,
    0.07313608431464548,
    0.08695038527298163,
    0.07732885690011382,
    0.07260427583501275,
    0.08565974821539371
  ]
}