{
  "adv_t": [
    0,
    0,
    0,
    0,
    0,
    0
  ],
  "adv_w": [
    0,
    0,
    0,
    1,
    0,
    0
  ],
  "clfs": [
    "Nearest Neighbors",
    "RBF SVM",
    "Decision Tree",
    "Random Forest",
    "Naive Bayes",
    "Linear SVM"
  ],
  "mean": [
    0.8338375350140055,
    0.8854668534080299,
    0.882609710550887,
    0.9083380018674136,
    0.8889775910364147,
    0.8624276377217553
  ],
  "parameters": {
    "cv_method": "k10",
    "db": "ionosphere",
    "repetition": 3
  },
  "std": [
    0.07357890067401356,
    0.04282761983425166,
    0.04099391338157965,
    0.05379793281973842,
    0.04479678112556143,
    0.05615366923953985
  ]
}