{
  "adv_t": [
    0,
    0,
    0,
    4,
    1,
    0
  ],
  "adv_w": [
    0,
    0,
    1,
    4,
    1,
    0
  ],
  "clfs": [
    "Nearest Neighbors",
    "RBF SVM",
    "Decision Tree",
    "Random Forest",
    "Naive Bayes",
    "Linear SVM"
  ],
  "mean": [
    0.8427330581355352,
    0.8873151014791884,
    0.877717578259374,
    0.9258599931200552,
    0.88546611627107,
    0.8593051255589955
  ],
  "parameters": {
    "cv_method": "k20",
    "db": "ionosphere",
    "repetition": 7
  },
  "std": [
    0.06769111775637905,
    0.07280427627554466,
    0.07177333848532516,
    0.05385673527282746,
    0.057185118810168314,
    0.08116025555065912
  ]
}