{
  "adv_t": [
    0,
    0,
    1,
    4,
    1,
    0
  ],
  "adv_w": [
    0,
    0,
    0,
    4,
    0,
    0
  ],
  "clfs": [
    "Nearest Neighbors",
    "RBF SVM",
    "Decision Tree",
    "Random Forest",
    "Naive Bayes",
    "Linear SVM"
  ],
  "mean": [
    0.8421558441558441,
    0.8683571428571428,
    0.8791915584415586,
    0.9048603896103897,
    0.8808603896103895,
    0.8547435064935065
  ],
  "parameters": {
    "cv_method": "k2x5",
    "db": "ionosphere",
    "repetition": 5
  },
  "std": [
    0.0254397669647484,
    0.017656721265589353,
    0.01427194543405058,
    0.015988669612778332,
    0.026363984005626638,
    0.027956112223617022
  ]
}