{
  "adv_t": [
    0,
    1,
    1,
    2,
    0,
    0
  ],
  "adv_w": [
    0,
    0,
    1,
    3,
    1,
    0
  ],
  "clfs": [
    "Nearest Neighbors",
    "RBF SVM",
    "Decision Tree",
    "Random Forest",
    "Naive Bayes",
    "Linear SVM"
  ],
  "mean": [
    0.8379971988795518,
    0.8967366946778712,
    0.8972268907563027,
    0.9176470588235294,
    0.888482726423903,
    0.8611998132586367
  ],
  "parameters": {
    "cv_method": "k10",
    "db": "ionosphere",
    "repetition": 6
  },
  "std": [
    0.052014609562972186,
    0.05538766378754685,
    0.0432535095723319,
    0.05598217163435449,
    0.059350887885387504,
    0.05433810660547061
  ]
}