{
  "adv_t": [
    0,
    0,
    0,
    1,
    0,
    0
  ],
  "adv_w": [
    0,
    0,
    0,
    1,
    0,
    0
  ],
  "clfs": [
    "Nearest Neighbors",
    "RBF SVM",
    "Decision Tree",
    "Random Forest",
    "Naive Bayes",
    "Linear SVM"
  ],
  "mean": [
    0.8517320261437907,
    0.886204481792717,
    0.880326797385621,
    0.9201073762838469,
    0.885546218487395,
    0.8548319327731093
  ],
  "parameters": {
    "cv_method": "k10",
    "db": "ionosphere",
    "repetition": 1
  },
  "std": [
    0.04170592793349502,
    0.057876565327361774,
    0.05901180231005885,
    0.03202175057590005,
    0.05133635404552972,
    0.07113261077727036
  ]
}