{
  "adv_t": [
    0,
    0,
    0,
    0,
    0,
    0
  ],
  "adv_w": [
    0,
    0,
    0,
    1,
    0,
    0
  ],
  "clfs": [
    "Nearest Neighbors",
    "RBF SVM",
    "Decision Tree",
    "Random Forest",
    "Naive Bayes",
    "Linear SVM"
  ],
  "mean": [
    0.8458548331613349,
    0.8870227038183696,
    0.8740110079119369,
    0.9022015823873412,
    0.8851737186102513,
    0.8577657378740969
  ],
  "parameters": {
    "cv_method": "k20",
    "db": "ionosphere",
    "repetition": 5
  },
  "std": [
    0.06437755994493571,
    0.07274308520713806,
    0.05948979118124699,
    0.07088751935314512,
    0.0659298344653818,
    0.07455518235564113
  ]
}