{
  "adv_t": [
    0,
    0,
    0,
    2,
    0,
    0
  ],
  "adv_w": [
    0,
    0,
    1,
    3,
    0,
    0
  ],
  "clfs": [
    "Nearest Neighbors",
    "RBF SVM",
    "Decision Tree",
    "Random Forest",
    "Naive Bayes",
    "Linear SVM"
  ],
  "mean": [
    0.8492763772175536,
    0.8906956115779645,
    0.8893884220354809,
    0.9228057889822596,
    0.8914332399626517,
    0.8623529411764705
  ],
  "parameters": {
    "cv_method": "k10",
    "db": "ionosphere",
    "repetition": 9
  },
  "std": [
    0.04066883779993597,
    0.05052326057007229,
    0.050632624098720706,
    0.0535596655350217,
    0.06556391060494071,
    0.06026826647637292
  ]
}