{
  "adv_t": [
    0,
    1,
    0,
    2,
    0,
    0
  ],
  "adv_w": [
    0,
    1,
    1,
    4,
    0,
    0
  ],
  "clfs": [
    "Nearest Neighbors",
    "RBF SVM",
    "Decision Tree",
    "Random Forest",
    "Naive Bayes",
    "Linear SVM"
  ],
  "mean": [
    0.8465873015873016,
    0.9006676003734828,
    0.8755042016806722,
    0.9176563958916899,
    0.8866900093370681,
    0.8604761904761904
  ],
  "parameters": {
    "cv_method": "k10",
    "db": "ionosphere",
    "repetition": 8
  },
  "std": [
    0.06820332382881564,
    0.061837835303847614,
    0.054945250502325856,
    0.062125327471552805,
    0.06325232352006155,
    0.05688510043504996
  ]
}