{
  "adv_t": [
    0,
    0,
    0,
    1,
    0,
    0
  ],
  "adv_w": [
    0,
    0,
    0,
    1,
    0,
    0
  ],
  "clfs": [
    "Nearest Neighbors",
    "RBF SVM",
    "Decision Tree",
    "Random Forest",
    "Naive Bayes",
    "Linear SVM"
  ],
  "mean": [
    0.8489422084623325,
    0.8924320605435156,
    0.8689112487100104,
    0.9063639490884073,
    0.8915118679050569,
    0.8596147230822156
  ],
  "parameters": {
    "cv_method": "k20",
    "db": "ionosphere",
    "repetition": 6
  },
  "std": [
    0.06849365066337024,
    0.09906989354325028,
    0.07356887033518107,
    0.05515650765939548,
    0.08407172722164671,
    0.09473098307098368
  ]
}