{
  "adv_t": [
    0,
    0,
    0,
    1,
    0,
    0
  ],
  "adv_w": [
    0,
    0,
    0,
    0,
    0,
    0
  ],
  "clfs": [
    "Nearest Neighbors",
    "RBF SVM",
    "Decision Tree",
    "Random Forest",
    "Naive Bayes",
    "Linear SVM"
  ],
  "mean": [
    0.8457086343309255,
    0.8944358445132441,
    0.8908926728586174,
    0.9110079119367047,
    0.8828345373237015,
    0.8609047127622981
  ],
  "parameters": {
    "cv_method": "k20",
    "db": "ionosphere",
    "repetition": 9
  },
  "std": [
    0.08110820012687459,
    0.07645040473780852,
    0.06778301717059655,
    0.05049458035039921,
    0.06448558018869002,
    0.10649977927362854
  ]
}