{
  "adv_t": [
    0,
    0,
    0,
    3,
    0,
    0
  ],
  "adv_w": [
    0,
    1,
    0,
    4,
    0,
    0
  ],
  "clfs": [
    "Nearest Neighbors",
    "RBF SVM",
    "Decision Tree",
    "Random Forest",
    "Naive Bayes",
    "Linear SVM"
  ],
  "mean": [
    0.8463106295149639,
    0.8944358445132441,
    0.8636480908152734,
    0.9308135534915722,
    0.8877880976952188,
    0.8634846921224633
  ],
  "parameters": {
    "cv_method": "k20",
    "db": "ionosphere",
    "repetition": 0
  },
  "std": [
    0.09762759528794049,
    0.0806318387102424,
    0.08318193679306546,
    0.061882978738912756,
    0.0748911403195116,
    0.08775044594417936
  ]
}