{
  "adv_t": [
    0,
    0,
    0,
    0,
    0,
    0
  ],
  "adv_w": [
    0,
    0,
    0,
    0,
    0,
    0
  ],
  "clfs": [
    "Nearest Neighbors",
    "RBF SVM",
    "Decision Tree",
    "Random Forest",
    "Naive Bayes",
    "Linear SVM"
  ],
  "mean": [
    0.9638888888888889,
    0.9583333333333334,
    0.9527777777777777,
    0.95,
    0.9555555555555555,
    0.9555555555555554
  ],
  "parameters": {
    "cv_method": "k20",
    "db": "iris",
    "repetition": 9
  },
  "std": [
    0.06567241047103435,
    0.07620592122761488,
    0.07705385743795617,
    0.0804066985206553,
    0.07343781322082153,
    0.07343781322082153
  ]
}