{
  "adv_t": [
    0,
    4,
    0,
    0,
    0,
    0
  ],
  "adv_w": [
    0,
    5,
    0,
    0,
    1,
    0
  ],
  "clfs": [
    "Nearest Neighbors",
    "RBF SVM",
    "Decision Tree",
    "Random Forest",
    "Naive Bayes",
    "Linear SVM"
  ],
  "mean": [
    0.9506666666666665,
    0.9653333333333333,
    0.9426666666666665,
    0.9480000000000001,
    0.9559999999999998,
    0.9386666666666666
  ],
  "parameters": {
    "cv_method": "k2x5",
    "db": "iris",
    "repetition": 2
  },
  "std": [
    0.01668887409379435,
    0.012881223774390625,
    0.026703678019199654,
    0.011674600476945476,
    0.016688874093794343,
    0.02894012550417728
  ]
}