{
  "adv_t": [
    0,
    0,
    0,
    0,
    0,
    0
  ],
  "adv_w": [
    0,
    0,
    0,
    0,
    0,
    0
  ],
  "clfs": [
    "Nearest Neighbors",
    "RBF SVM",
    "Decision Tree",
    "Random Forest",
    "Naive Bayes",
    "Linear SVM"
  ],
  "mean": [
    0.961111111111111,
    0.9555555555555555,
    0.9444444444444444,
    0.95,
    0.95,
    0.961111111111111
  ],
  "parameters": {
    "cv_method": "k20",
    "db": "iris",
    "repetition": 5
  },
  "std": [
    0.07004129479070481,
    0.07119147505746527,
    0.07209840939145001,
    0.0718727487146364,
    0.08040669852065528,
    0.07232336597363943
  ]
}