{
  "adv_t": [
    0,
    0,
    0,
    0,
    0,
    0
  ],
  "adv_w": [
    0,
    0,
    0,
    0,
    0,
    0
  ],
  "clfs": [
    "Nearest Neighbors",
    "RBF SVM",
    "Decision Tree",
    "Random Forest",
    "Naive Bayes",
    "Linear SVM"
  ],
  "mean": [
    0.9694444444444444,
    0.9694444444444444,
    0.9555555555555555,
    0.9444444444444443,
    0.9638888888888888,
    0.9555555555555555
  ],
  "parameters": {
    "cv_method": "k20",
    "db": "iris",
    "repetition": 6
  },
  "std": [
    0.06616526849515339,
    0.06616526849515339,
    0.07343781322082153,
    0.09012301173931252,
    0.07705385743795619,
    0.08180866439351367
  ]
}