{
  "adv_t": [
    0,
    0,
    0,
    0,
    0,
    0
  ],
  "adv_w": [
    0,
    0,
    0,
    0,
    0,
    0
  ],
  "clfs": [
    "Nearest Neighbors",
    "RBF SVM",
    "Decision Tree",
    "Random Forest",
    "Naive Bayes",
    "Linear SVM"
  ],
  "mean": [
    0.9640000000000001,
    0.9626666666666667,
    0.9453333333333334,
    0.9453333333333334,
    0.952,
    0.9333333333333332
  ],
  "parameters": {
    "cv_method": "k2x5",
    "db": "iris",
    "repetition": 4
  },
  "std": [
    0.02181855592645974,
    0.017554149029450267,
    0.023051204408693245,
    0.018270937592084008,
    0.012881223774390629,
    0.02810913475705225
  ]
}