{
  "adv_t": [
    0,
    0,
    0,
    0,
    0,
    0
  ],
  "adv_w": [
    0,
    0,
    0,
    0,
    0,
    0
  ],
  "clfs": [
    "Nearest Neighbors",
    "RBF SVM",
    "Decision Tree",
    "Random Forest",
    "Naive Bayes",
    "Linear SVM"
  ],
  "mean": [
    0.9638888888888889,
    0.9638888888888889,
    0.9416666666666667,
    0.9500000000000002,
    0.9472222222222223,
    0.9583333333333334
  ],
  "parameters": {
    "cv_method": "k20",
    "db": "iris",
    "repetition": 8
  },
  "std": [
    0.06567241047103435,
    0.06567241047103435,
    0.0995033149277522,
    0.07187274871463642,
    0.07534844334311107,
    0.06714013159769025
  ]
}