{
  "adv_t": [
    0,
    0,
    0,
    0,
    0,
    0
  ],
  "adv_w": [
    0,
    0,
    0,
    0,
    0,
    0
  ],
  "clfs": [
    "Nearest Neighbors",
    "RBF SVM",
    "Decision Tree",
    "Random Forest",
    "Naive Bayes",
    "Linear SVM"
  ],
  "mean": [
    0.9666666666666666,
    0.9583333333333334,
    0.9500000000000002,
    0.9527777777777778,
    0.9555555555555555,
    0.9583333333333334
  ],
  "parameters": {
    "cv_method": "k20",
    "db": "iris",
    "repetition": 2
  },
  "std": [
    0.0707336473179348,
    0.09344152737587598,
    0.096897955474709,
    0.09413433780643496,
    0.0911980757409026,
    0.0862077367707928
  ]
}