{
  "adv_t": [
    0,
    0,
    0,
    0,
    0,
    0
  ],
  "adv_w": [
    0,
    0,
    0,
    0,
    0,
    0
  ],
  "clfs": [
    "Nearest Neighbors",
    "RBF SVM",
    "Decision Tree",
    "Random Forest",
    "Naive Bayes",
    "Linear SVM"
  ],
  "mean": [
    0.9666666666666666,
    0.961111111111111,
    0.9583333333333334,
    0.9472222222222223,
    0.9583333333333333,
    0.9527777777777777
  ],
  "parameters": {
    "cv_method": "k20",
    "db": "iris",
    "repetition": 7
  },
  "std": [
    0.06085806194501846,
    0.06269867707187053,
    0.06714013159769025,
    0.06857644672068033,
    0.06714013159769026,
    0.06810104101168053
  ]
}