{
  "adv_t": [
    0,
    0,
    0,
    0,
    0,
    0
  ],
  "adv_w": [
    0,
    0,
    0,
    0,
    0,
    0
  ],
  "clfs": [
    "Nearest Neighbors",
    "RBF SVM",
    "Decision Tree",
    "Random Forest",
    "Naive Bayes",
    "Linear SVM"
  ],
  "mean": [
    0.9638888888888889,
    0.9583333333333334,
    0.961111111111111,
    0.9472222222222222,
    0.9527777777777777,
    0.9527777777777777
  ],
  "parameters": {
    "cv_method": "k20",
    "db": "iris",
    "repetition": 3
  },
  "std": [
    0.06567241047103435,
    0.06714013159769025,
    0.06269867707187053,
    0.06857644672068033,
    0.06810104101168053,
    0.07705385743795617
  ]
}