{
  "adv_t": [
    0,
    0,
    0,
    0,
    0,
    0
  ],
  "adv_w": [
    0,
    0,
    0,
    0,
    0,
    0
  ],
  "clfs": [
    "Nearest Neighbors",
    "RBF SVM",
    "Decision Tree",
    "Random Forest",
    "Naive Bayes",
    "Linear SVM"
  ],
  "mean": [
    0.9694444444444444,
    0.9611111111111112,
    0.95,
    0.9416666666666667,
    0.9527777777777777,
    0.9555555555555555
  ],
  "parameters": {
    "cv_method": "k20",
    "db": "iris",
    "repetition": 1
  },
  "std": [
    0.06616526849515339,
    0.0723233659736394,
    0.08240220541217402,
    0.07747434545724534,
    0.06810104101168055,
    0.06398099132915955
  ]
}