{
  "adv_t": [
    0,
    0,
    0,
    0,
    0,
    0
  ],
  "adv_w": [
    1,
    0,
    0,
    0,
    0,
    0
  ],
  "clfs": [
    "Nearest Neighbors",
    "RBF SVM",
    "Decision Tree",
    "Random Forest",
    "Naive Bayes",
    "Linear SVM"
  ],
  "mean": [
    0.9666666666666666,
    0.96,
    0.96,
    0.9466666666666667,
    0.9533333333333334,
    0.9533333333333334
  ],
  "parameters": {
    "cv_method": "k10",
    "db": "iris",
    "repetition": 6
  },
  "std": [
    0.056655772373253165,
    0.056218269514104524,
    0.04661372658534008,
    0.05258737584977436,
    0.054884840156570976,
    0.06324555320336758
  ]
}