{
  "adv_t": [
    1,
    1,
    0,
    0,
    1,
    0
  ],
  "adv_w": [
    1,
    2,
    0,
    1,
    3,
    0
  ],
  "clfs": [
    "Nearest Neighbors",
    "RBF SVM",
    "Decision Tree",
    "Random Forest",
    "Naive Bayes",
    "Linear SVM"
  ],
  "mean": [
    0.9586666666666668,
    0.9586666666666668,
    0.9426666666666668,
    0.9453333333333334,
    0.9586666666666666,
    0.9306666666666666
  ],
  "parameters": {
    "cv_method": "k2x5",
    "db": "iris",
    "repetition": 3
  },
  "std": [
    0.02126841975823184,
    0.022177733244221575,
    0.025180827509716085,
    0.023892764543494458,
    0.01596291999650491,
    0.02725281727423272
  ]
}