{
  "adv_t": [
    1,
    0,
    0,
    0,
    0,
    0
  ],
  "adv_w": [
    3,
    3,
    0,
    0,
    1,
    0
  ],
  "clfs": [
    "Nearest Neighbors",
    "RBF SVM",
    "Decision Tree",
    "Random Forest",
    "Naive Bayes",
    "Linear SVM"
  ],
  "mean": [
    0.9533333333333334,
    0.9493333333333334,
    0.9319999999999998,
    0.9333333333333333,
    0.944,
    0.924
  ],
  "parameters": {
    "cv_method": "k2x5",
    "db": "iris",
    "repetition": 5
  },
  "std": [
    0.022879178091082274,
    0.01967639432993662,
    0.03043714429913593,
    0.025915341754868038,
    0.028665805327283744,
    0.03387704711139469
  ]
}