{
  "adv_t": [
    0,
    0,
    0,
    0,
    0,
    0
  ],
  "adv_w": [
    0,
    0,
    0,
    0,
    0,
    0
  ],
  "clfs": [
    "Nearest Neighbors",
    "RBF SVM",
    "Decision Tree",
    "Random Forest",
    "Naive Bayes",
    "Linear SVM"
  ],
  "mean": [
    0.9666666666666666,
    0.96,
    0.9533333333333334,
    0.9466666666666667,
    0.9533333333333334,
    0.9533333333333334
  ],
  "parameters": {
    "cv_method": "k10",
    "db": "iris",
    "repetition": 0
  },
  "std": [
    0.04714045207910319,
    0.06440611887195306,
    0.04499657051403688,
    0.05258737584977436,
    0.054884840156570976,
    0.04499657051403688
  ]
}