{
  "adv_t": [
    0,
    0,
    0,
    0,
    0,
    0
  ],
  "adv_w": [
    1,
    1,
    0,
    0,
    0,
    1
  ],
  "clfs": [
    "Nearest Neighbors",
    "RBF SVM",
    "Decision Tree",
    "Random Forest",
    "Naive Bayes",
    "Linear SVM"
  ],
  "mean": [
    0.9666666666666666,
    0.96,
    0.9533333333333334,
    0.9400000000000001,
    0.9533333333333334,
    0.96
  ],
  "parameters": {
    "cv_method": "k10",
    "db": "iris",
    "repetition": 4
  },
  "std": [
    0.04714045207910319,
    0.04661372658534008,
    0.03220305943597657,
    0.03784308081316979,
    0.054884840156570976,
    0.04661372658534008
  ]
}