{
  "adv_t": [
    0,
    0,
    0,
    0,
    0,
    0
  ],
  "adv_w": [
    0,
    0,
    0,
    0,
    0,
    0
  ],
  "clfs": [
    "Nearest Neighbors",
    "RBF SVM",
    "Decision Tree",
    "Random Forest",
    "Naive Bayes",
    "Linear SVM"
  ],
  "mean": [
    0.9666666666666668,
    0.9666666666666668,
    0.9600000000000002,
    0.9333333333333333,
    0.9533333333333334,
    0.9600000000000002
  ],
  "parameters": {
    "cv_method": "k10",
    "db": "iris",
    "repetition": 9
  },
  "std": [
    0.04714045207910318,
    0.04714045207910318,
    0.04661372658534008,
    0.08314794192830981,
    0.05488484015657097,
    0.06440611887195305
  ]
}