{
  "adv_t": [
    0,
    0,
    0,
    0,
    0,
    0
  ],
  "adv_w": [
    0,
    0,
    0,
    0,
    0,
    0
  ],
  "clfs": [
    "Nearest Neighbors",
    "RBF SVM",
    "Decision Tree",
    "Random Forest",
    "Naive Bayes",
    "Linear SVM"
  ],
  "mean": [
    0.9666666666666668,
    0.9600000000000002,
    0.9533333333333334,
    0.9533333333333334,
    0.96,
    0.9533333333333334
  ],
  "parameters": {
    "cv_method": "k10",
    "db": "iris",
    "repetition": 8
  },
  "std": [
    0.035136418446315376,
    0.034426518632954865,
    0.044996570514036875,
    0.03220305943597657,
    0.034426518632954865,
    0.04499657051403688
  ]
}