{
  "adv_t": [
    0,
    0,
    0,
    0,
    0,
    0
  ],
  "adv_w": [
    0,
    0,
    0,
    0,
    0,
    0
  ],
  "clfs": [
    "Nearest Neighbors",
    "RBF SVM",
    "Decision Tree",
    "Random Forest",
    "Naive Bayes",
    "Linear SVM"
  ],
  "mean": [
    0.96,
    0.96,
    0.9466666666666667,
    0.9533333333333334,
    0.9533333333333334,
    0.9533333333333334
  ],
  "parameters": {
    "cv_method": "k10",
    "db": "iris",
    "repetition": 1
  },
  "std": [
    0.034426518632954865,
    0.034426518632954865,
    0.04216370213557841,
    0.04499657051403688,
    0.04499657051403688,
    0.044996570514036875
  ]
}