{
  "adv_t": [
    0,
    0,
    0,
    0,
    0,
    0
  ],
  "adv_w": [
    0,
    0,
    0,
    0,
    0,
    0
  ],
  "clfs": [
    "Nearest Neighbors",
    "RBF SVM",
    "Decision Tree",
    "Random Forest",
    "Naive Bayes",
    "Linear SVM"
  ],
  "mean": [
    0.9666666666666666,
    0.9666666666666666,
    0.9400000000000001,
    0.9466666666666667,
    0.9533333333333334,
    0.96
  ],
  "parameters": {
    "cv_method": "k10",
    "db": "iris",
    "repetition": 5
  },
  "std": [
    0.056655772373253165,
    0.056655772373253165,
    0.05837300238472753,
    0.06885303726590963,
    0.04499657051403688,
    0.056218269514104524
  ]
}