{
  "adv_t": [
    0,
    0,
    0,
    0,
    0,
    0
  ],
  "adv_w": [
    0,
    0,
    0,
    0,
    0,
    0
  ],
  "clfs": [
    "Nearest Neighbors",
    "RBF SVM",
    "Decision Tree",
    "Random Forest",
    "Naive Bayes",
    "Linear SVM"
  ],
  "mean": [
    0.9666666666666668,
    0.9533333333333335,
    0.9533333333333335,
    0.9333333333333333,
    0.9533333333333334,
    0.9533333333333334
  ],
  "parameters": {
    "cv_method": "k10",
    "db": "iris",
    "repetition": 2
  },
  "std": [
    0.04714045207910319,
    0.06324555320336758,
    0.07062332703142535,
    0.05443310539518172,
    0.06324555320336758,
    0.04499657051403688
  ]
}