{
  "adv_t": [
    0,
    0,
    0,
    0,
    0,
    0
  ],
  "adv_w": [
    0,
    0,
    0,
    0,
    0,
    0
  ],
  "clfs": [
    "Nearest Neighbors",
    "RBF SVM",
    "Decision Tree",
    "Random Forest",
    "Naive Bayes",
    "Linear SVM"
  ],
  "mean": [
    0.9666666666666666,
    0.9666666666666666,
    0.9472222222222223,
    0.9416666666666668,
    0.9555555555555557,
    0.9555555555555557
  ],
  "parameters": {
    "cv_method": "k20",
    "db": "iris",
    "repetition": 4
  },
  "std": [
    0.0707336473179348,
    0.0707336473179348,
    0.07747434545724532,
    0.0854506838078132,
    0.07343781322082155,
    0.07343781322082155
  ]
}