{
  "adv_t": [
    2,
    1,
    0,
    0,
    0,
    0
  ],
  "adv_w": [
    1,
    0,
    0,
    1,
    1,
    0
  ],
  "clfs": [
    "Nearest Neighbors",
    "RBF SVM",
    "Decision Tree",
    "Random Forest",
    "Naive Bayes",
    "Linear SVM"
  ],
  "mean": [
    0.9560000000000001,
    0.9560000000000001,
    0.9279999999999999,
    0.9546666666666667,
    0.9480000000000001,
    0.9359999999999999
  ],
  "parameters": {
    "cv_method": "k2x5",
    "db": "iris",
    "repetition": 0
  },
  "std": [
    0.008999314102807326,
    0.016688874093794284,
    0.04996789092464073,
    0.01799862820561475,
    0.01596291999650487,
    0.030663445885618427
  ]
}