{
  "adv_t": [
    0,
    0,
    0,
    0,
    0,
    0
  ],
  "adv_w": [
    0,
    0,
    0,
    0,
    0,
    0
  ],
  "clfs": [
    "Nearest Neighbors",
    "RBF SVM",
    "Decision Tree",
    "Random Forest",
    "Naive Bayes",
    "Linear SVM"
  ],
  "mean": [
    0.96,
    0.96,
    0.9533333333333334,
    0.9399999999999998,
    0.9533333333333334,
    0.9533333333333334
  ],
  "parameters": {
    "cv_method": "k10",
    "db": "iris",
    "repetition": 3
  },
  "std": [
    0.056218269514104524,
    0.056218269514104524,
    0.05488484015657097,
    0.0798145999825243,
    0.06324555320336757,
    0.05488484015657097
  ]
}