{
  "adv_t": [
    0,
    2,
    0,
    0,
    0,
    0
  ],
  "adv_w": [
    2,
    3,
    0,
    0,
    0,
    0
  ],
  "clfs": [
    "Nearest Neighbors",
    "RBF SVM",
    "Decision Tree",
    "Random Forest",
    "Naive Bayes",
    "Linear SVM"
  ],
  "mean": [
    0.9573333333333334,
    0.9600000000000002,
    0.9386666666666665,
    0.9386666666666666,
    0.9493333333333336,
    0.9413333333333334
  ],
  "parameters": {
    "cv_method": "k2x5",
    "db": "iris",
    "repetition": 6
  },
  "std": [
    0.027968235951204085,
    0.022662308949301303,
    0.03278060251481921,
    0.029614811109258142,
    0.016390301257409624,
    0.01799862820561475
  ]
}