{
  "adv_t": [
    0,
    0,
    0,
    0,
    0,
    0
  ],
  "adv_w": [
    0,
    0,
    0,
    0,
    0,
    0
  ],
  "clfs": [
    "Nearest Neighbors",
    "RBF SVM",
    "Decision Tree",
    "Random Forest",
    "Naive Bayes",
    "Linear SVM"
  ],
  "mean": [
    0.9666666666666668,
    0.9733333333333334,
    0.9466666666666667,
    0.9400000000000001,
    0.9533333333333334,
    0.9533333333333334
  ],
  "parameters": {
    "cv_method": "k10",
    "db": "iris",
    "repetition": 7
  },
  "std": [
    0.04714045207910319,
    0.034426518632954865,
    0.04216370213557841,
    0.05837300238472753,
    0.03220305943597657,
    0.03220305943597657
  ]
}