{
  "adv_t": [
    0,
    0,
    0,
    0,
    0,
    0
  ],
  "adv_w": [
    0,
    0,
    0,
    0,
    0,
    0
  ],
  "clfs": [
    "Nearest Neighbors",
    "RBF SVM",
    "Decision Tree",
    "Random Forest",
    "Naive Bayes",
    "Linear SVM"
  ],
  "mean": [
    0.9722222222222221,
    0.9666666666666668,
    0.9527777777777778,
    0.95,
    0.9555555555555554,
    0.9638888888888888
  ],
  "parameters": {
    "cv_method": "k20",
    "db": "iris",
    "repetition": 0
  },
  "std": [
    0.04936240647992436,
    0.05224026066462528,
    0.07044599404276418,
    0.06473818918074215,
    0.06398099132915955,
    0.05777721547184767
  ]
}