{
  "adv_t": [
    0,
    0,
    2,
    2,
    0,
    2
  ],
  "adv_w": [
    0,
    0,
    2,
    2,
    0,
    2
  ],
  "clfs": [
    "Nearest Neighbors",
    "RBF SVM",
    "Decision Tree",
    "Random Forest",
    "Naive Bayes",
    "Linear SVM"
  ],
  "mean": [
    0.6388888888888888,
    0.5947712418300652,
    0.6924836601307189,
    0.6949346405228758,
    0.5537581699346404,
    0.6955882352941176
  ],
  "parameters": {
    "cv_method": "k20",
    "db": "liver",
    "repetition": 8
  },
  "std": [
    0.1773554368345422,
    0.04732181985281774,
    0.07452805767992622,
    0.09858394134686506,
    0.1154258212551417,
    0.0899499278512765
  ]
}