{
  "adv_t": [
    1,
    0,
    2,
    2,
    0,
    2
  ],
  "adv_w": [
    1,
    0,
    2,
    2,
    0,
    2
  ],
  "clfs": [
    "Nearest Neighbors",
    "RBF SVM",
    "Decision Tree",
    "Random Forest",
    "Naive Bayes",
    "Linear SVM"
  ],
  "mean": [
    0.6429738562091503,
    0.597549019607843,
    0.6735294117647058,
    0.6812091503267974,
    0.5606209150326797,
    0.6933006535947712
  ],
  "parameters": {
    "cv_method": "k20",
    "db": "liver",
    "repetition": 6
  },
  "std": [
    0.13942408871329115,
    0.032736019647777836,
    0.08973486523502458,
    0.10249848845463745,
    0.11770664603428714,
    0.10523567527855562
  ]
}