{
  "adv_t": [
    0,
    0,
    0,
    2,
    0,
    3
  ],
  "adv_w": [
    0,
    0,
    0,
    2,
    0,
    4
  ],
  "clfs": [
    "Nearest Neighbors",
    "RBF SVM",
    "Decision Tree",
    "Random Forest",
    "Naive Bayes",
    "Linear SVM"
  ],
  "mean": [
    0.6315966386554622,
    0.5915126050420166,
    0.646890756302521,
    0.6780672268907564,
    0.571344537815126,
    0.713109243697479
  ],
  "parameters": {
    "cv_method": "k10",
    "db": "liver",
    "repetition": 9
  },
  "std": [
    0.08675174492804172,
    0.02042879246738905,
    0.09097287159655387,
    0.07030695145608046,
    0.1241205834277187,
    0.07549131340021158
  ]
}