{
  "adv_t": [
    0,
    0,
    0,
    2,
    0,
    2
  ],
  "adv_w": [
    0,
    0,
    0,
    3,
    0,
    2
  ],
  "clfs": [
    "Nearest Neighbors",
    "RBF SVM",
    "Decision Tree",
    "Random Forest",
    "Naive Bayes",
    "Linear SVM"
  ],
  "mean": [
    0.6549019607843136,
    0.5972222222222221,
    0.6472222222222223,
    0.7200980392156864,
    0.5632352941176471,
    0.696078431372549
  ],
  "parameters": {
    "cv_method": "k20",
    "db": "liver",
    "repetition": 7
  },
  "std": [
    0.1088335751139729,
    0.025619857570337138,
    0.11118431288264517,
    0.09117264831647252,
    0.12529724355071573,
    0.08895538701236429
  ]
}