{
  "adv_t": [
    0,
    0,
    0,
    2,
    0,
    2
  ],
  "adv_w": [
    0,
    0,
    0,
    2,
    0,
    2
  ],
  "clfs": [
    "Nearest Neighbors",
    "RBF SVM",
    "Decision Tree",
    "Random Forest",
    "Naive Bayes",
    "Linear SVM"
  ],
  "mean": [
    0.6537581699346406,
    0.5887254901960783,
    0.6316993464052287,
    0.6962418300653594,
    0.5648692810457516,
    0.6990196078431371
  ],
  "parameters": {
    "cv_method": "k20",
    "db": "liver",
    "repetition": 3
  },
  "std": [
    0.14761190570347024,
    0.024826528292462496,
    0.10264439229000974,
    0.08697758859097646,
    0.08479697008691782,
    0.07233890802177809
  ]
}