{
  "adv_t": [
    2,
    1,
    2,
    2,
    0,
    2
  ],
  "adv_w": [
    2,
    1,
    2,
    3,
    0,
    2
  ],
  "clfs": [
    "Nearest Neighbors",
    "RBF SVM",
    "Decision Tree",
    "Random Forest",
    "Naive Bayes",
    "Linear SVM"
  ],
  "mean": [
    0.6431372549019606,
    0.5916666666666666,
    0.6549019607843136,
    0.6952614379084966,
    0.5508169934640523,
    0.6808823529411764
  ],
  "parameters": {
    "cv_method": "k20",
    "db": "liver",
    "repetition": 4
  },
  "std": [
    0.08946951144379879,
    0.028041605122456684,
    0.09808163283753547,
    0.08057970326432823,
    0.07163284287702636,
    0.10886391318713469
  ]
}