{
  "adv_t": [
    2,
    0,
    2,
    3,
    0,
    2
  ],
  "adv_w": [
    2,
    0,
    2,
    3,
    0,
    2
  ],
  "clfs": [
    "Nearest Neighbors",
    "RBF SVM",
    "Decision Tree",
    "Random Forest",
    "Naive Bayes",
    "Linear SVM"
  ],
  "mean": [
    0.6438655462184875,
    0.582689075630252,
    0.6699159663865546,
    0.701512605042017,
    0.5798319327731092,
    0.695966386554622
  ],
  "parameters": {
    "cv_method": "k10",
    "db": "liver",
    "repetition": 8
  },
  "std": [
    0.05805121924691847,
    0.01033154081005784,
    0.06883784134134864,
    0.05900837969289586,
    0.09436658421795938,
    0.07834008292647748
  ]
}