{
  "adv_t": [
    1,
    0,
    0,
    0,
    0,
    0
  ],
  "adv_w": [
    0,
    0,
    0,
    0,
    0,
    0
  ],
  "clfs": [
    "Nearest Neighbors",
    "RBF SVM",
    "Decision Tree",
    "Random Forest",
    "Naive Bayes",
    "Linear SVM"
  ],
  "mean": [
    0.6491596638655462,
    0.5972268907563023,
    0.660672268907563,
    0.67890756302521,
    0.5650420168067226,
    0.6869747899159664
  ],
  "parameters": {
    "cv_method": "k10",
    "db": "liver",
    "repetition": 6
  },
  "std": [
    0.04687547649536683,
    0.02210951891037494,
    0.06848473126403945,
    0.12188089984162556,
    0.09492881070278138,
    0.0968201518981879
  ]
}