{
  "adv_t": [
    0,
    0,
    2,
    0,
    0,
    3
  ],
  "adv_w": [
    0,
    0,
    2,
    1,
    0,
    2
  ],
  "clfs": [
    "Nearest Neighbors",
    "RBF SVM",
    "Decision Tree",
    "Random Forest",
    "Naive Bayes",
    "Linear SVM"
  ],
  "mean": [
    0.6410924369747899,
    0.5885714285714284,
    0.6839495798319327,
    0.6294117647058824,
    0.5678151260504202,
    0.6838655462184875
  ],
  "parameters": {
    "cv_method": "k10",
    "db": "liver",
    "repetition": 4
  },
  "std": [
    0.11152079842290653,
    0.022918575104619573,
    0.07940516920130432,
    0.06359222066721865,
    0.08706308639149345,
    0.04156017037801744
  ]
}