{
  "adv_t": [
    1,
    0,
    2,
    2,
    0,
    2
  ],
  "adv_w": [
    1,
    0,
    2,
    2,
    0,
    3
  ],
  "clfs": [
    "Nearest Neighbors",
    "RBF SVM",
    "Decision Tree",
    "Random Forest",
    "Naive Bayes",
    "Linear SVM"
  ],
  "mean": [
    0.6433613445378151,
    0.5913445378151259,
    0.6671428571428571,
    0.684453781512605,
    0.5684873949579832,
    0.6992436974789916
  ],
  "parameters": {
    "cv_method": "k10",
    "db": "liver",
    "repetition": 5
  },
  "std": [
    0.09722285160359108,
    0.0196599946711568,
    0.05332504996522068,
    0.07082155428632174,
    0.0918658615532522,
    0.060651146903638355
  ]
}