{
  "adv_t": [
    1,
    0,
    2,
    2,
    0,
    4
  ],
  "adv_w": [
    1,
    0,
    2,
    2,
    0,
    4
  ],
  "clfs": [
    "Nearest Neighbors",
    "RBF SVM",
    "Decision Tree",
    "Random Forest",
    "Naive Bayes",
    "Linear SVM"
  ],
  "mean": [
    0.6341503267973855,
    0.5918300653594769,
    0.640359477124183,
    0.6730392156862743,
    0.5552287581699347,
    0.7009803921568626
  ],
  "parameters": {
    "cv_method": "k20",
    "db": "liver",
    "repetition": 1
  },
  "std": [
    0.11910703528557158,
    0.036880050684655184,
    0.09836247017929223,
    0.09623074004143413,
    0.10726513229901838,
    0.10151227064489805
  ]
}