{
  "adv_t": [
    1,
    0,
    0,
    2,
    0,
    2
  ],
  "adv_w": [
    1,
    0,
    0,
    1,
    0,
    2
  ],
  "clfs": [
    "Nearest Neighbors",
    "RBF SVM",
    "Decision Tree",
    "Random Forest",
    "Naive Bayes",
    "Linear SVM"
  ],
  "mean": [
    0.640672268907563,
    0.5971428571428571,
    0.6439495798319328,
    0.6810084033613445,
    0.5539495798319327,
    0.6957983193277311
  ],
  "parameters": {
    "cv_method": "k10",
    "db": "liver",
    "repetition": 2
  },
  "std": [
    0.07991120934747063,
    0.023887497959162455,
    0.09577952049076935,
    0.12330798195556447,
    0.09657798607107965,
    0.09110749218375837
  ]
}