{
  "adv_t": [
    1,
    1,
    2,
    3,
    0,
    3
  ],
  "adv_w": [
    2,
    1,
    3,
    3,
    0,
    3
  ],
  "clfs": [
    "Nearest Neighbors",
    "RBF SVM",
    "Decision Tree",
    "Random Forest",
    "Naive Bayes",
    "Linear SVM"
  ],
  "mean": [
    0.6349673202614378,
    0.5973856209150326,
    0.6900326797385621,
    0.7104575163398692,
    0.5540849673202615,
    0.6919934640522872
  ],
  "parameters": {
    "cv_method": "k20",
    "db": "liver",
    "repetition": 5
  },
  "std": [
    0.09741862982182428,
    0.029394559811338525,
    0.10922988578841056,
    0.09103151278809178,
    0.10610378197914852,
    0.09055155840801163
  ]
}