{
  "adv_t": [
    1,
    0,
    2,
    2,
    0,
    2
  ],
  "adv_w": [
    1,
    0,
    2,
    2,
    0,
    2
  ],
  "clfs": [
    "Nearest Neighbors",
    "RBF SVM",
    "Decision Tree",
    "Random Forest",
    "Naive Bayes",
    "Linear SVM"
  ],
  "mean": [
    0.632843137254902,
    0.5947712418300652,
    0.6975490196078432,
    0.6790849673202615,
    0.5622549019607842,
    0.6870915032679736
  ],
  "parameters": {
    "cv_method": "k20",
    "db": "liver",
    "repetition": 9
  },
  "std": [
    0.10701527844074386,
    0.03386233148214576,
    0.13913190257802152,
    0.11766903437305605,
    0.11260092585273224,
    0.08280894250276229
  ]
}