{
  "adv_t": [
    0,
    0,
    0,
    3,
    0,
    3
  ],
  "adv_w": [
    0,
    0,
    0,
    3,
    0,
    3
  ],
  "clfs": [
    "Nearest Neighbors",
    "RBF SVM",
    "Decision Tree",
    "Random Forest",
    "Naive Bayes",
    "Linear SVM"
  ],
  "mean": [
    0.6266339869281045,
    0.5972222222222221,
    0.6379084967320261,
    0.7049019607843136,
    0.5586601307189543,
    0.7022875816993464
  ],
  "parameters": {
    "cv_method": "k20",
    "db": "liver",
    "repetition": 2
  },
  "std": [
    0.0804610316858027,
    0.031946979234083565,
    0.10114671533973238,
    0.06899177624218948,
    0.13283662632332244,
    0.09351383443557766
  ]
}