{
  "adv_t": [
    1,
    0,
    2,
    2,
    0,
    2
  ],
  "adv_w": [
    2,
    0,
    2,
    2,
    0,
    2
  ],
  "clfs": [
    "Nearest Neighbors",
    "RBF SVM",
    "Decision Tree",
    "Random Forest",
    "Naive Bayes",
    "Linear SVM"
  ],
  "mean": [
    0.6387254901960784,
    0.591830065359477,
    0.675,
    0.684640522875817,
    0.5678104575163399,
    0.6950980392156862
  ],
  "parameters": {
    "cv_method": "k20",
    "db": "liver",
    "repetition": 0
  },
  "std": [
    0.13291276998542534,
    0.03688005068465518,
    0.12778560765426816,
    0.10605092604262147,
    0.11535470199273208,
    0.08540347425414592
  ]
}