{
  "adv_t": [
    1,
    0,
    2,
    2,
    0,
    2
  ],
  "adv_w": [
    1,
    0,
    2,
    2,
    0,
    2
  ],
  "clfs": [
    "Nearest Neighbors",
    "RBF SVM",
    "Decision Tree",
    "Random Forest",
    "Naive Bayes",
    "Linear SVM"
  ],
  "mean": [
    0.6522689075630252,
    0.5971428571428572,
    0.675126050420168,
    0.697983193277311,
    0.5591596638655462,
    0.7098319327731093
  ],
  "parameters": {
    "cv_method": "k10",
    "db": "liver",
    "repetition": 0
  },
  "std": [
    0.08196693008237704,
    0.02388749795916245,
    0.08590283357821163,
    0.0765041327602787,
    0.07329435551603142,
    0.06108632968752834
  ]
}