{
  "adv_t": [
    0,
    0,
    1,
    2,
    0,
    2
  ],
  "adv_w": [
    0,
    0,
    1,
    1,
    0,
    0
  ],
  "clfs": [
    "Nearest Neighbors",
    "RBF SVM",
    "Decision Tree",
    "Random Forest",
    "Naive Bayes",
    "Linear SVM"
  ],
  "mean": [
    0.6405042016806723,
    0.5913445378151259,
    0.6577310924369748,
    0.6810084033613446,
    0.5357142857142858,
    0.6811764705882355
  ],
  "parameters": {
    "cv_method": "k10",
    "db": "liver",
    "repetition": 3
  },
  "std": [
    0.12205224642424913,
    0.013938494689969811,
    0.04619225127514831,
    0.06184731862127884,
    0.13067114305044275,
    0.08650447723893817
  ]
}