{
  "adv_t": [
    2,
    1,
    2,
    2,
    0,
    5
  ],
  "adv_w": [
    2,
    1,
    2,
    2,
    0,
    5
  ],
  "clfs": [
    "Nearest Neighbors",
    "RBF SVM",
    "Decision Tree",
    "Random Forest",
    "Naive Bayes",
    "Linear SVM"
  ],
  "mean": [
    0.6272550073934668,
    0.5820271541873908,
    0.6353710176098939,
    0.6423309584621588,
    0.5367757763140206,
    0.684675359591343
  ],
  "parameters": {
    "cv_method": "k2x5",
    "db": "liver",
    "repetition": 2
  },
  "std": [
    0.0172695927203099,
    0.008385996049841343,
    0.04817368702666065,
    0.018037483231740755,
    0.029845449951241432,
    0.022600310002446243
  ]
}