{
  "adv_t": [
    0,
    0,
    1,
    4,
    0,
    3
  ],
  "adv_w": [
    0,
    0,
    1,
    4,
    0,
    3
  ],
  "clfs": [
    "Nearest Neighbors",
    "RBF SVM",
    "Decision Tree",
    "Random Forest",
    "Naive Bayes",
    "Linear SVM"
  ],
  "mean": [
    0.6290756302521009,
    0.5971428571428571,
    0.6496638655462185,
    0.7277310924369749,
    0.5535294117647059,
    0.6931932773109243
  ],
  "parameters": {
    "cv_method": "k10",
    "db": "liver",
    "repetition": 7
  },
  "std": [
    0.07756848260018498,
    0.014034703659492885,
    0.09034597041103999,
    0.06735515308752027,
    0.10380715802244656,
    0.05738052677588875
  ]
}