{
  "adv_t": [
    0,
    0,
    0,
    2,
    0,
    2
  ],
  "adv_w": [
    0,
    0,
    1,
    0,
    0,
    1
  ],
  "clfs": [
    "Nearest Neighbors",
    "RBF SVM",
    "Decision Tree",
    "Random Forest",
    "Naive Bayes",
    "Linear SVM"
  ],
  "mean": [
    0.6316806722689077,
    0.5972268907563025,
    0.6396638655462186,
    0.6604201680672269,
    0.5528571428571427,
    0.6894957983193277
  ],
  "parameters": {
    "cv_method": "k10",
    "db": "liver",
    "repetition": 1
  },
  "std": [
    0.07688047463567708,
    0.02210951891037494,
    0.09568588090893143,
    0.05434960525203571,
    0.10403321371552095,
    0.08021995239946142
  ]
}