{
  "adv_t": [
    2,
    2,
    4,
    2,
    1,
    0
  ],
  "adv_w": [
    2,
    2,
    4,
    2,
    1,
    0
  ],
  "clfs": [
    "Nearest Neighbors",
    "RBF SVM",
    "Decision Tree",
    "Random Forest",
    "Naive Bayes",
    "Linear SVM"
  ],
  "mean": [
    0.9660649819494583,
    0.9754512635379061,
    0.9859205776173283,
    0.9635379061371842,
    0.9090252707581229,
    0.7805054151624549
  ],
  "parameters": {
    "cv_method": "k2x5",
    "db": "monkthree",
    "repetition": 5
  },
  "std": [
    0.014054201030716196,
    0.010182525054780326,
    0.013767934762901172,
    0.015639173618565323,
    0.03338347222026416,
    0.034408791337013765
  ]
}