{
  "adv_t": [
    2,
    4,
    5,
    2,
    1,
    0
  ],
  "adv_w": [
    2,
    4,
    5,
    2,
    1,
    0
  ],
  "clfs": [
    "Nearest Neighbors",
    "RBF SVM",
    "Decision Tree",
    "Random Forest",
    "Naive Bayes",
    "Linear SVM"
  ],
  "mean": [
    0.951624548736462,
    0.9758122743682309,
    0.9891696750902528,
    0.9628158844765343,
    0.9046931407942239,
    0.7783393501805053
  ],
  "parameters": {
    "cv_method": "k2x5",
    "db": "monkthree",
    "repetition": 9
  },
  "std": [
    0.01660475408968507,
    0.009013229030601186,
    0.0029476410863816787,
    0.01560209194547581,
    0.027556897302464176,
    0.02570820735157947
  ]
}