{
  "adv_t": [
    0,
    5,
    3,
    3,
    0,
    2
  ],
  "adv_w": [
    0,
    4,
    2,
    2,
    0,
    1
  ],
  "clfs": [
    "Nearest Neighbors",
    "RBF SVM",
    "Decision Tree",
    "Random Forest",
    "Naive Bayes",
    "Linear SVM"
  ],
  "mean": [
    0.6269723145071981,
    0.7620708748615725,
    0.7028217054263567,
    0.6861827242524917,
    0.6316323366555924,
    0.6559036544850497
  ],
  "parameters": {
    "cv_method": "k2x5",
    "db": "monktwo",
    "repetition": 1
  },
  "std": [
    0.019104195281570494,
    0.026309821988428485,
    0.043378505701145896,
    0.023793682752690955,
    0.02150104999433405,
    0.004452979354778171
  ]
}