{
  "adv_t": [
    2,
    5,
    2,
    2,
    0,
    0
  ],
  "adv_w": [
    2,
    4,
    2,
    2,
    0,
    0
  ],
  "clfs": [
    "Nearest Neighbors",
    "RBF SVM",
    "Decision Tree",
    "Random Forest",
    "Naive Bayes",
    "Linear SVM"
  ],
  "mean": [
    0.8939814814814817,
    1.0,
    0.855952380952381,
    0.8689814814814815,
    0.6657407407407407,
    0.6657407407407407
  ],
  "parameters": {
    "cv_method": "k10",
    "db": "monkone",
    "repetition": 8
  },
  "std": [
    0.03275876134399506,
    0.0,
    0.08656798556607695,
    0.052924243026606844,
    0.05355482356368536,
    0.05355482356368536
  ]
}