{
  "adv_t": [
    3,
    5,
    2,
    3,
    0,
    0
  ],
  "adv_w": [
    3,
    5,
    2,
    3,
    0,
    0
  ],
  "clfs": [
    "Nearest Neighbors",
    "RBF SVM",
    "Decision Tree",
    "Random Forest",
    "Naive Bayes",
    "Linear SVM"
  ],
  "mean": [
    0.8956043956043954,
    0.9964285714285716,
    0.8072802197802199,
    0.8975274725274727,
    0.6656593406593406,
    0.6656593406593406
  ],
  "parameters": {
    "cv_method": "k20",
    "db": "monkone",
    "repetition": 0
  },
  "std": [
    0.043346335314637746,
    0.015971914124998498,
    0.0676309208692074,
    0.07068561873122167,
    0.11021892679063457,
    0.11021892679063457
  ]
}