{
  "adv_t": [
    3,
    5,
    2,
    3,
    0,
    0
  ],
  "adv_w": [
    3,
    5,
    2,
    3,
    0,
    0
  ],
  "clfs": [
    "Nearest Neighbors",
    "RBF SVM",
    "Decision Tree",
    "Random Forest",
    "Naive Bayes",
    "Linear SVM"
  ],
  "mean": [
    0.8990384615384615,
    0.998076923076923,
    0.8096153846153846,
    0.8721153846153846,
    0.6656593406593405,
    0.6656593406593405
  ],
  "parameters": {
    "cv_method": "k20",
    "db": "monkone",
    "repetition": 1
  },
  "std": [
    0.061403759405551074,
    0.008600261451922263,
    0.07819885213042968,
    0.07221106187213822,
    0.10418268445563413,
    0.10418268445563413
  ]
}