{
  "adv_t": [
    2,
    2,
    4,
    2,
    1,
    0
  ],
  "adv_w": [
    2,
    2,
    5,
    2,
    1,
    0
  ],
  "clfs": [
    "Nearest Neighbors",
    "RBF SVM",
    "Decision Tree",
    "Random Forest",
    "Naive Bayes",
    "Linear SVM"
  ],
  "mean": [
    0.9727200577200577,
    0.9783742183742182,
    0.9891209716209716,
    0.9637241462241463,
    0.9167700817700816,
    0.8010990860990861
  ],
  "parameters": {
    "cv_method": "k10",
    "db": "monkthree",
    "repetition": 9
  },
  "std": [
    0.02490145059634247,
    0.01122779035380307,
    0.009366308634807882,
    0.02617291744935994,
    0.031718113040418154,
    0.06701585297619715
  ]
}