{
  "adv_t": [
    2,
    2,
    5,
    2,
    1,
    0
  ],
  "adv_w": [
    2,
    3,
    5,
    2,
    1,
    0
  ],
  "clfs": [
    "Nearest Neighbors",
    "RBF SVM",
    "Decision Tree",
    "Random Forest",
    "Naive Bayes",
    "Linear SVM"
  ],
  "mean": [
    0.9617328519855596,
    0.9732851985559566,
    0.9891696750902528,
    0.9610108303249095,
    0.9086642599277978,
    0.7974729241877256
  ],
  "parameters": {
    "cv_method": "k2x5",
    "db": "monkthree",
    "repetition": 4
  },
  "std": [
    0.009656992850897193,
    0.009805799657022073,
    0.002947641086381679,
    0.015202514269413964,
    0.020354381262180685,
    0.03822284745867558
  ]
}