{
  "adv_t": [
    0,
    5,
    4,
    3,
    0,
    1
  ],
  "adv_w": [
    0,
    5,
    4,
    3,
    0,
    1
  ],
  "clfs": [
    "Nearest Neighbors",
    "RBF SVM",
    "Decision Tree",
    "Random Forest",
    "Naive Bayes",
    "Linear SVM"
  ],
  "mean": [
    0.6503857553023988,
    0.8602718347689173,
    0.7838362508104103,
    0.7224015930351022,
    0.64385570065759,
    0.6572756321200333
  ],
  "parameters": {
    "cv_method": "k10",
    "db": "monktwo",
    "repetition": 7
  },
  "std": [
    0.035894460069487946,
    0.03826059621810877,
    0.038248898909876226,
    0.040840288992252866,
    0.014923253841748257,
    0.003662887987644855
  ]
}