{
  "adv_t": [
    2,
    2,
    2,
    2,
    1,
    0
  ],
  "adv_w": [
    1,
    2,
    2,
    2,
    1,
    0
  ],
  "clfs": [
    "Nearest Neighbors",
    "RBF SVM",
    "Decision Tree",
    "Random Forest",
    "Naive Bayes",
    "Linear SVM"
  ],
  "mean": [
    0.9711988936988938,
    0.9803246753246754,
    0.9892857142857142,
    0.9711327561327561,
    0.9171320346320346,
    0.801400913900914
  ],
  "parameters": {
    "cv_method": "k10",
    "db": "monkthree",
    "repetition": 3
  },
  "std": [
    0.02114460860594401,
    0.019648863761469952,
    0.015058465048420802,
    0.01935634460932215,
    0.043784596992347886,
    0.04998472371278487
  ]
}