{
  "adv_t": [
    0,
    5,
    3,
    2,
    0,
    0
  ],
  "adv_w": [
    0,
    5,
    3,
    2,
    0,
    0
  ],
  "clfs": [
    "Nearest Neighbors",
    "RBF SVM",
    "Decision Tree",
    "Random Forest",
    "Naive Bayes",
    "Linear SVM"
  ],
  "mean": [
    0.681421950315165,
    0.8656970708194291,
    0.7600778642936595,
    0.7154393770856509,
    0.6491119762699296,
    0.65734149054505
  ],
  "parameters": {
    "cv_method": "k20",
    "db": "monktwo",
    "repetition": 9
  },
  "std": [
    0.09033498364643933,
    0.05808208466534463,
    0.08538116959345782,
    0.04985310950509408,
    0.02263004151701993,
    0.009448749072951275
  ]
}