{
  "adv_t": [
    0,
    5,
    4,
    2,
    0,
    1
  ],
  "adv_w": [
    0,
    5,
    4,
    2,
    0,
    1
  ],
  "clfs": [
    "Nearest Neighbors",
    "RBF SVM",
    "Decision Tree",
    "Random Forest",
    "Naive Bayes",
    "Linear SVM"
  ],
  "mean": [
    0.6473585255163472,
    0.8339585069926831,
    0.748464388255997,
    0.6886718532925813,
    0.6473839955543207,
    0.6572756321200333
  ],
  "parameters": {
    "cv_method": "k10",
    "db": "monktwo",
    "repetition": 5
  },
  "std": [
    0.06022610796888382,
    0.05615967598937146,
    0.05052502294741218,
    0.03620332496199015,
    0.012631923415578245,
    0.003662887987644855
  ]
}