{
  "adv_t": [
    2,
    2,
    4,
    2,
    1,
    0
  ],
  "adv_w": [
    2,
    3,
    5,
    2,
    1,
    0
  ],
  "clfs": [
    "Nearest Neighbors",
    "RBF SVM",
    "Decision Tree",
    "Random Forest",
    "Naive Bayes",
    "Linear SVM"
  ],
  "mean": [
    0.9678160919540231,
    0.9802066228790365,
    0.989272030651341,
    0.9655195219850393,
    0.9188469257434774,
    0.8015599343185551
  ],
  "parameters": {
    "cv_method": "k20",
    "db": "monkthree",
    "repetition": 4
  },
  "std": [
    0.03250431862851893,
    0.021526936827687554,
    0.016828268411423677,
    0.0367075129825588,
    0.04082339267821635,
    0.056714254980360944
  ]
}