{
  "adv_t": [
    2,
    2,
    4,
    2,
    1,
    0
  ],
  "adv_w": [
    2,
    3,
    4,
    2,
    1,
    0
  ],
  "clfs": [
    "Nearest Neighbors",
    "RBF SVM",
    "Decision Tree",
    "Random Forest",
    "Naive Bayes",
    "Linear SVM"
  ],
  "mean": [
    0.9621392496392496,
    0.9783405483405485,
    0.9890873015873016,
    0.9710666185666185,
    0.9204124579124577,
    0.8010738335738334
  ],
  "parameters": {
    "cv_method": "k10",
    "db": "monkthree",
    "repetition": 7
  },
  "std": [
    0.019653395269930447,
    0.01651927664358476,
    0.012825497292501589,
    0.0173890123247806,
    0.03958158548827326,
    0.04510725256588204
  ]
}