{
  "adv_t": [
    2,
    3,
    4,
    2,
    1,
    0
  ],
  "adv_w": [
    2,
    4,
    5,
    2,
    1,
    0
  ],
  "clfs": [
    "Nearest Neighbors",
    "RBF SVM",
    "Decision Tree",
    "Random Forest",
    "Naive Bayes",
    "Linear SVM"
  ],
  "mean": [
    0.9584382411968617,
    0.9780993431855499,
    0.9890827403758436,
    0.9622696588213829,
    0.917255062944718,
    0.8017492245940524
  ],
  "parameters": {
    "cv_method": "k20",
    "db": "monkthree",
    "repetition": 0
  },
  "std": [
    0.03346861704552853,
    0.02463217903013282,
    0.017118485148918627,
    0.03519049699629472,
    0.044189943891393864,
    0.06779027097256615
  ]
}