{
  "adv_t": [
    0,
    5,
    3,
    3,
    0,
    0
  ],
  "adv_w": [
    0,
    5,
    3,
    0,
    0,
    0
  ],
  "clfs": [
    "Nearest Neighbors",
    "RBF SVM",
    "Decision Tree",
    "Random Forest",
    "Naive Bayes",
    "Linear SVM"
  ],
  "mean": [
    0.6405487635454292,
    0.8589103454663333,
    0.7471302213577845,
    0.7036764842085764,
    0.6490233398166156,
    0.6572756321200333
  ],
  "parameters": {
    "cv_method": "k10",
    "db": "monktwo",
    "repetition": 4
  },
  "std": [
    0.035743208480620486,
    0.04451134927694031,
    0.042761118902468274,
    0.035628094819927125,
    0.01663110172027663,
    0.003662887987644855
  ]
}