{
  "adv_t": [
    0,
    5,
    3,
    3,
    0,
    1
  ],
  "adv_w": [
    0,
    5,
    3,
    3,
    0,
    1
  ],
  "clfs": [
    "Nearest Neighbors",
    "RBF SVM",
    "Decision Tree",
    "Random Forest",
    "Naive Bayes",
    "Linear SVM"
  ],
  "mean": [
    0.6601798294401185,
    0.8788691138301818,
    0.7503281423804227,
    0.7136077122728958,
    0.6453874675565443,
    0.660567296996663
  ],
  "parameters": {
    "cv_method": "k20",
    "db": "monktwo",
    "repetition": 3
  },
  "std": [
    0.0974295924759485,
    0.05137466307838501,
    0.0629623808751848,
    0.07753371176543322,
    0.02889822176422682,
    0.014651879605463297
  ]
}