{
  "adv_t": [
    2,
    5,
    2,
    2,
    0,
    0
  ],
  "adv_w": [
    2,
    5,
    2,
    2,
    0,
    0
  ],
  "clfs": [
    "Nearest Neighbors",
    "RBF SVM",
    "Decision Tree",
    "Random Forest",
    "Naive Bayes",
    "Linear SVM"
  ],
  "mean": [
    0.8873626373626372,
    1.0,
    0.8271978021978021,
    0.8690934065934066,
    0.6660714285714285,
    0.6660714285714285
  ],
  "parameters": {
    "cv_method": "k20",
    "db": "monkone",
    "repetition": 6
  },
  "std": [
    0.0568984741756825,
    0.0,
    0.10872685350802438,
    0.07275798825729626,
    0.08480480907891468,
    0.08480480907891468
  ]
}