{
  "adv_t": [
    3,
    5,
    2,
    3,
    0,
    0
  ],
  "adv_w": [
    3,
    5,
    2,
    3,
    0,
    0
  ],
  "clfs": [
    "Nearest Neighbors",
    "RBF SVM",
    "Decision Tree",
    "Random Forest",
    "Naive Bayes",
    "Linear SVM"
  ],
  "mean": [
    0.8864010989010989,
    1.0,
    0.8100274725274724,
    0.8743131868131868,
    0.6651098901098902,
    0.6651098901098902
  ],
  "parameters": {
    "cv_method": "k20",
    "db": "monkone",
    "repetition": 4
  },
  "std": [
    0.05895082061598599,
    0.0,
    0.08831905423168711,
    0.06366514325402302,
    0.09321033714998583,
    0.09321033714998583
  ]
}