{
  "adv_t": [
    2,
    2,
    4,
    2,
    1,
    0
  ],
  "adv_w": [
    2,
    3,
    5,
    2,
    1,
    0
  ],
  "clfs": [
    "Nearest Neighbors",
    "RBF SVM",
    "Decision Tree",
    "Random Forest",
    "Naive Bayes",
    "Linear SVM"
  ],
  "mean": [
    0.971000481000481,
    0.9783080808080807,
    0.9890548340548339,
    0.9656433381433382,
    0.9152152477152476,
    0.8012686387686386
  ],
  "parameters": {
    "cv_method": "k10",
    "db": "monkthree",
    "repetition": 1
  },
  "std": [
    0.02141050695188755,
    0.016589843851546056,
    0.015357950461531463,
    0.02475383341680445,
    0.038711723130077466,
    0.04705397781936278
  ]
}