{
  "adv_t": [
    4,
    5,
    2,
    3,
    0,
    0
  ],
  "adv_w": [
    4,
    5,
    2,
    3,
    0,
    0
  ],
  "clfs": [
    "Nearest Neighbors",
    "RBF SVM",
    "Decision Tree",
    "Random Forest",
    "Naive Bayes",
    "Linear SVM"
  ],
  "mean": [
    0.8870503597122301,
    0.9406474820143884,
    0.7884892086330936,
    0.8464028776978416,
    0.6654676258992807,
    0.6643884892086331
  ],
  "parameters": {
    "cv_method": "k2x5",
    "db": "monkone",
    "repetition": 9
  },
  "std": [
    0.017800809170163672,
    0.025618537912735606,
    0.09587528776378522,
    0.035082957543842566,
    0.017041571227280426,
    0.016444790576492747
  ]
}