{
  "adv_t": [
    0,
    5,
    4,
    2,
    0,
    0
  ],
  "adv_w": [
    0,
    5,
    4,
    3,
    0,
    0
  ],
  "clfs": [
    "Nearest Neighbors",
    "RBF SVM",
    "Decision Tree",
    "Random Forest",
    "Naive Bayes",
    "Linear SVM"
  ],
  "mean": [
    0.6651260659992584,
    0.861459028550241,
    0.7503355580274379,
    0.7053559510567298,
    0.6522803114571747,
    0.64734149054505
  ],
  "parameters": {
    "cv_method": "k20",
    "db": "monktwo",
    "repetition": 6
  },
  "std": [
    0.07239342801160127,
    0.05819806610090049,
    0.07418894013783557,
    0.056074081036607326,
    0.017301800981111316,
    0.043508152819286695
  ]
}