{
  "adv_t": [
    2,
    3,
    4,
    2,
    1,
    0
  ],
  "adv_w": [
    2,
    3,
    5,
    2,
    1,
    0
  ],
  "clfs": [
    "Nearest Neighbors",
    "RBF SVM",
    "Decision Tree",
    "Random Forest",
    "Naive Bayes",
    "Linear SVM"
  ],
  "mean": [
    0.9604132457580734,
    0.9785440613026818,
    0.989272030651341,
    0.9656517971173143,
    0.9131020799124245,
    0.8004105090311988
  ],
  "parameters": {
    "cv_method": "k20",
    "db": "monkthree",
    "repetition": 1
  },
  "std": [
    0.033358357912394186,
    0.02436485381699094,
    0.016828268411423673,
    0.034530736328790286,
    0.04617382661225546,
    0.07675610795304309
  ]
}