{
  "adv_t": [
    3,
    5,
    2,
    2,
    0,
    0
  ],
  "adv_w": [
    2,
    5,
    2,
    2,
    0,
    0
  ],
  "clfs": [
    "Nearest Neighbors",
    "RBF SVM",
    "Decision Tree",
    "Random Forest",
    "Naive Bayes",
    "Linear SVM"
  ],
  "mean": [
    0.8993386243386243,
    0.9946428571428573,
    0.827116402116402,
    0.8634920634920634,
    0.6657407407407406,
    0.6657407407407406
  ],
  "parameters": {
    "cv_method": "k10",
    "db": "monkone",
    "repetition": 7
  },
  "std": [
    0.029166924950298843,
    0.012052652816259831,
    0.07361414491218962,
    0.06176161237773311,
    0.0814851318497923,
    0.0814851318497923
  ]
}