{
  "adv_t": [
    0,
    5,
    3,
    3,
    0,
    0
  ],
  "adv_w": [
    0,
    5,
    3,
    3,
    0,
    0
  ],
  "clfs": [
    "Nearest Neighbors",
    "RBF SVM",
    "Decision Tree",
    "Random Forest",
    "Naive Bayes",
    "Linear SVM"
  ],
  "mean": [
    0.678337501157729,
    0.8769431323515793,
    0.7549916643512086,
    0.7340738168009632,
    0.6506353616745392,
    0.6572756321200333
  ],
  "parameters": {
    "cv_method": "k10",
    "db": "monktwo",
    "repetition": 9
  },
  "std": [
    0.07072433402060281,
    0.034756352942433816,
    0.05537941726404622,
    0.04091373303917276,
    0.01306562352751895,
    0.003662887987644855
  ]
}