{
  "adv_t": [
    2,
    2,
    2,
    2,
    1,
    0
  ],
  "adv_w": [
    2,
    2,
    4,
    2,
    1,
    0
  ],
  "clfs": [
    "Nearest Neighbors",
    "RBF SVM",
    "Decision Tree",
    "Random Forest",
    "Naive Bayes",
    "Linear SVM"
  ],
  "mean": [
    0.9712734902390074,
    0.9786101988688195,
    0.9892720306513411,
    0.974651067323481,
    0.9136836343732895,
    0.8014983579638754
  ],
  "parameters": {
    "cv_method": "k20",
    "db": "monkthree",
    "repetition": 2
  },
  "std": [
    0.03955925229864797,
    0.03333842919064771,
    0.023510610422085732,
    0.028809058376550994,
    0.05121267699615283,
    0.06782166414137303
  ]
}