{
  "adv_t": [
    2,
    3,
    4,
    2,
    1,
    0
  ],
  "adv_w": [
    2,
    3,
    4,
    2,
    1,
    0
  ],
  "clfs": [
    "Nearest Neighbors",
    "RBF SVM",
    "Decision Tree",
    "Random Forest",
    "Naive Bayes",
    "Linear SVM"
  ],
  "mean": [
    0.973049543049543,
    0.982044252044252,
    0.9892195767195767,
    0.9548641173641175,
    0.915050505050505,
    0.801103896103896
  ],
  "parameters": {
    "cv_method": "k10",
    "db": "monkthree",
    "repetition": 8
  },
  "std": [
    0.017261870951851017,
    0.016837346090496655,
    0.012529534549360816,
    0.032910652500185905,
    0.03348508886523032,
    0.05567832224299767
  ]
}