{
  "adv_t": [
    2,
    5,
    2,
    2,
    0,
    0
  ],
  "adv_w": [
    2,
    5,
    2,
    2,
    0,
    0
  ],
  "clfs": [
    "Nearest Neighbors",
    "RBF SVM",
    "Decision Tree",
    "Random Forest",
    "Naive Bayes",
    "Linear SVM"
  ],
  "mean": [
    0.8921957671957672,
    0.9892857142857144,
    0.8332671957671959,
    0.8742063492063492,
    0.6659391534391534,
    0.6659391534391534
  ],
  "parameters": {
    "cv_method": "k10",
    "db": "monkone",
    "repetition": 2
  },
  "std": [
    0.041863912625037525,
    0.0150584650484208,
    0.10288186832663901,
    0.04855776686520999,
    0.06943951019675307,
    0.06943951019675307
  ]
}