{
  "adv_t": [
    2,
    5,
    2,
    2,
    0,
    0
  ],
  "adv_w": [
    2,
    4,
    2,
    2,
    0,
    0
  ],
  "clfs": [
    "Nearest Neighbors",
    "RBF SVM",
    "Decision Tree",
    "Random Forest",
    "Naive Bayes",
    "Linear SVM"
  ],
  "mean": [
    0.8847883597883597,
    1.0,
    0.8716269841269841,
    0.8670634920634919,
    0.6659391534391534,
    0.6659391534391534
  ],
  "parameters": {
    "cv_method": "k10",
    "db": "monkone",
    "repetition": 5
  },
  "std": [
    0.048824278561183605,
    0.0,
    0.09969673527429228,
    0.04266884043178101,
    0.07413274137025609,
    0.07413274137025609
  ]
}