{
  "adv_t": [
    0,
    5,
    3,
    3,
    0,
    1
  ],
  "adv_w": [
    0,
    5,
    3,
    3,
    0,
    1
  ],
  "clfs": [
    "Nearest Neighbors",
    "RBF SVM",
    "Decision Tree",
    "Random Forest",
    "Naive Bayes",
    "Linear SVM"
  ],
  "mean": [
    0.6490525145873854,
    0.8269292396035934,
    0.7307631749560062,
    0.7172631286468463,
    0.6472728535704362,
    0.6572756321200333
  ],
  "parameters": {
    "cv_method": "k10",
    "db": "monktwo",
    "repetition": 1
  },
  "std": [
    0.060189048576367664,
    0.026092296403597764,
    0.07461766791914719,
    0.02301915402216171,
    0.013626311242738805,
    0.003662887987644855
  ]
}