{
  "adv_t": [
    2,
    3,
    5,
    2,
    1,
    0
  ],
  "adv_w": [
    2,
    3,
    5,
    2,
    1,
    0
  ],
  "clfs": [
    "Nearest Neighbors",
    "RBF SVM",
    "Decision Tree",
    "Random Forest",
    "Naive Bayes",
    "Linear SVM"
  ],
  "mean": [
    0.9537906137184115,
    0.971841155234657,
    0.9877256317689531,
    0.9649819494584838,
    0.9046931407942239,
    0.7953068592057762
  ],
  "parameters": {
    "cv_method": "k2x5",
    "db": "monkthree",
    "repetition": 0
  },
  "std": [
    0.007945884004437631,
    0.00717999224557221,
    0.003487695967795365,
    0.011422505391176237,
    0.027292885684399183,
    0.020354381262180685
  ]
}