{
  "adv_t": [
    0,
    5,
    3,
    2,
    0,
    0
  ],
  "adv_w": [
    0,
    5,
    3,
    2,
    0,
    0
  ],
  "clfs": [
    "Nearest Neighbors",
    "RBF SVM",
    "Decision Tree",
    "Random Forest",
    "Naive Bayes",
    "Linear SVM"
  ],
  "mean": [
    0.6679440118650352,
    0.8740841675936226,
    0.7698016314423435,
    0.725715609936967,
    0.6508898776418242,
    0.65734149054505
  ],
  "parameters": {
    "cv_method": "k20",
    "db": "monktwo",
    "repetition": 0
  },
  "std": [
    0.11628372560797481,
    0.06624717146687685,
    0.08023491584757315,
    0.051183404940933,
    0.023227259366045826,
    0.009448749072951275
  ]
}