{
  "adv_t": [
    0,
    5,
    4,
    2,
    0,
    1
  ],
  "adv_w": [
    0,
    5,
    4,
    2,
    0,
    0
  ],
  "clfs": [
    "Nearest Neighbors",
    "RBF SVM",
    "Decision Tree",
    "Random Forest",
    "Naive Bayes",
    "Linear SVM"
  ],
  "mean": [
    0.6616652773918682,
    0.8518546818560712,
    0.7549698990460312,
    0.6836982495137538,
    0.6438830230619617,
    0.6572756321200333
  ],
  "parameters": {
    "cv_method": "k10",
    "db": "monktwo",
    "repetition": 6
  },
  "std": [
    0.08052788758745813,
    0.05689104378156883,
    0.06393520828578597,
    0.031691915917257216,
    0.018020250334057134,
    0.003662887987644855
  ]
}