{
  "adv_t": [
    2,
    2,
    4,
    2,
    1,
    0
  ],
  "adv_w": [
    2,
    2,
    5,
    2,
    1,
    0
  ],
  "clfs": [
    "Nearest Neighbors",
    "RBF SVM",
    "Decision Tree",
    "Random Forest",
    "Naive Bayes",
    "Linear SVM"
  ],
  "mean": [
    0.9639892355409596,
    0.9784209085933224,
    0.9892104542966612,
    0.9660349388797662,
    0.9155354862251412,
    0.801502919175333
  ],
  "parameters": {
    "cv_method": "k20",
    "db": "monkthree",
    "repetition": 5
  },
  "std": [
    0.03343906706690893,
    0.0248273410223994,
    0.020754271749250028,
    0.03546158775944004,
    0.041924403154977787,
    0.06413171606312279
  ]
}