{
  "adv_t": [
    2,
    2,
    3,
    2,
    1,
    0
  ],
  "adv_w": [
    2,
    3,
    5,
    2,
    1,
    0
  ],
  "clfs": [
    "Nearest Neighbors",
    "RBF SVM",
    "Decision Tree",
    "Random Forest",
    "Naive Bayes",
    "Linear SVM"
  ],
  "mean": [
    0.9748403575989781,
    0.9782270571063674,
    0.9890166028097062,
    0.9670498084291186,
    0.9111795292829777,
    0.8018062397372743
  ],
  "parameters": {
    "cv_method": "k20",
    "db": "monkthree",
    "repetition": 8
  },
  "std": [
    0.026470677293932147,
    0.027338519113776275,
    0.020999442539816046,
    0.03345699341286811,
    0.056853944140771454,
    0.07329694881932933
  ]
}