{
  "adv_t": [
    0,
    5,
    3,
    3,
    0,
    1
  ],
  "adv_w": [
    0,
    5,
    4,
    3,
    0,
    1
  ],
  "clfs": [
    "Nearest Neighbors",
    "RBF SVM",
    "Decision Tree",
    "Random Forest",
    "Naive Bayes",
    "Linear SVM"
  ],
  "mean": [
    0.6375917686318131,
    0.8607934742306268,
    0.7378995179829441,
    0.7027011494252873,
    0.645724879495736,
    0.65734149054505
  ],
  "parameters": {
    "cv_method": "k20",
    "db": "monktwo",
    "repetition": 1
  },
  "std": [
    0.09330534129280606,
    0.07967094129567609,
    0.07135626019213984,
    0.04469531269613363,
    0.02322652759302346,
    0.009448749072951275
  ]
}