{
  "adv_t": [
    3,
    5,
    2,
    3,
    0,
    0
  ],
  "adv_w": [
    3,
    5,
    2,
    3,
    0,
    0
  ],
  "clfs": [
    "Nearest Neighbors",
    "RBF SVM",
    "Decision Tree",
    "Random Forest",
    "Naive Bayes",
    "Linear SVM"
  ],
  "mean": [
    0.8903846153846156,
    1.0,
    0.8134615384615385,
    0.8828296703296703,
    0.66510989010989,
    0.66510989010989
  ],
  "parameters": {
    "cv_method": "k20",
    "db": "monkone",
    "repetition": 2
  },
  "std": [
    0.07359194398843066,
    0.0,
    0.08564576238017436,
    0.07182385509236451,
    0.10913527623926308,
    0.10913527623926308
  ]
}