{
  "adv_t": [
    2,
    2,
    5,
    2,
    1,
    0
  ],
  "adv_w": [
    2,
    2,
    5,
    2,
    1,
    0
  ],
  "clfs": [
    "Nearest Neighbors",
    "RBF SVM",
    "Decision Tree",
    "Random Forest",
    "Naive Bayes",
    "Linear SVM"
  ],
  "mean": [
    0.9617328519855596,
    0.9747292418772563,
    0.9877256317689531,
    0.9620938628158843,
    0.8996389891696752,
    0.788086642599278
  ],
  "parameters": {
    "cv_method": "k2x5",
    "db": "monkthree",
    "repetition": 6
  },
  "std": [
    0.012177242494029853,
    0.009164588575046777,
    0.009352278809976137,
    0.019272704426049305,
    0.012248385703970624,
    0.013297096121839986
  ]
}