{
  "adv_t": [
    0,
    5,
    4,
    2,
    0,
    0
  ],
  "adv_w": [
    0,
    5,
    4,
    2,
    0,
    0
  ],
  "clfs": [
    "Nearest Neighbors",
    "RBF SVM",
    "Decision Tree",
    "Random Forest",
    "Naive Bayes",
    "Linear SVM"
  ],
  "mean": [
    0.6572219134944892,
    0.8665786792627582,
    0.7551894044642029,
    0.7039524868018894,
    0.6471343891821802,
    0.6572756321200333
  ],
  "parameters": {
    "cv_method": "k10",
    "db": "monktwo",
    "repetition": 3
  },
  "std": [
    0.07172799098348971,
    0.0420117446059238,
    0.031172481762173975,
    0.03055524643829248,
    0.017362280331277163,
    0.003662887987644855
  ]
}