{
  "adv_t": [
    3,
    5,
    2,
    2,
    0,
    0
  ],
  "adv_w": [
    3,
    5,
    2,
    3,
    0,
    0
  ],
  "clfs": [
    "Nearest Neighbors",
    "RBF SVM",
    "Decision Tree",
    "Random Forest",
    "Naive Bayes",
    "Linear SVM"
  ],
  "mean": [
    0.9046703296703298,
    1.0,
    0.819368131868132,
    0.873076923076923,
    0.664010989010989,
    0.665934065934066
  ],
  "parameters": {
    "cv_method": "k20",
    "db": "monkone",
    "repetition": 5
  },
  "std": [
    0.05470668362397375,
    0.0,
    0.10683980438769236,
    0.06480746582643046,
    0.08552601633754443,
    0.08751537150714365
  ]
}