{
  "adv_t": [
    3,
    5,
    2,
    3,
    0,
    0
  ],
  "adv_w": [
    3,
    5,
    2,
    3,
    0,
    0
  ],
  "clfs": [
    "Nearest Neighbors",
    "RBF SVM",
    "Decision Tree",
    "Random Forest",
    "Naive Bayes",
    "Linear SVM"
  ],
  "mean": [
    0.9208333333333334,
    0.9982142857142857,
    0.7966269841269842,
    0.8993386243386243,
    0.6654761904761906,
    0.6654761904761906
  ],
  "parameters": {
    "cv_method": "k10",
    "db": "monkone",
    "repetition": 1
  },
  "std": [
    0.04244620164577251,
    0.005646924393157801,
    0.05703467731820582,
    0.042094077078792515,
    0.051178492931948115,
    0.051178492931948115
  ]
}