{
  "adv_t": [
    4,
    5,
    2,
    2,
    0,
    0
  ],
  "adv_w": [
    4,
    5,
    2,
    3,
    0,
    0
  ],
  "clfs": [
    "Nearest Neighbors",
    "RBF SVM",
    "Decision Tree",
    "Random Forest",
    "Naive Bayes",
    "Linear SVM"
  ],
  "mean": [
    0.9122354497354497,
    0.9945767195767197,
    0.8236111111111113,
    0.8634259259259258,
    0.664021164021164,
    0.6658068783068782
  ],
  "parameters": {
    "cv_method": "k10",
    "db": "monkone",
    "repetition": 4
  },
  "std": [
    0.04635719728293434,
    0.012130430177894527,
    0.07405376416999021,
    0.052696742632001504,
    0.05433218837087597,
    0.05450460453307215
  ]
}