{
  "adv_t": [
    2,
    2,
    4,
    2,
    1,
    0
  ],
  "adv_w": [
    2,
    2,
    4,
    2,
    1,
    0
  ],
  "clfs": [
    "Nearest Neighbors",
    "RBF SVM",
    "Decision Tree",
    "Random Forest",
    "Naive Bayes",
    "Linear SVM"
  ],
  "mean": [
    0.9623039923039924,
    0.9802272727272726,
    0.9892207792207792,
    0.96752886002886,
    0.9172667147667146,
    0.8017640692640692
  ],
  "parameters": {
    "cv_method": "k10",
    "db": "monkthree",
    "repetition": 2
  },
  "std": [
    0.0308607693270877,
    0.019837074854971614,
    0.00927811776172042,
    0.0141848789905396,
    0.030236675049942218,
    0.03787827423550597
  ]
}