{
  "adv_t": [
    0,
    5,
    4,
    2,
    0,
    0
  ],
  "adv_w": [
    0,
    5,
    3,
    2,
    0,
    0
  ],
  "clfs": [
    "Nearest Neighbors",
    "RBF SVM",
    "Decision Tree",
    "Random Forest",
    "Naive Bayes",
    "Linear SVM"
  ],
  "mean": [
    0.6532295142751205,
    0.8703058954393772,
    0.7752651093807934,
    0.711887282165369,
    0.6490044493882091,
    0.65234149054505
  ],
  "parameters": {
    "cv_method": "k20",
    "db": "monktwo",
    "repetition": 5
  },
  "std": [
    0.10337725544123753,
    0.05628153948350271,
    0.06807849544808646,
    0.06930730446505554,
    0.01612374118067497,
    0.02216120733161895
  ]
}