{
  "adv_t": [
    0,
    5,
    3,
    3,
    0,
    0
  ],
  "adv_w": [
    0,
    5,
    2,
    2,
    0,
    0
  ],
  "clfs": [
    "Nearest Neighbors",
    "RBF SVM",
    "Decision Tree",
    "Random Forest",
    "Naive Bayes",
    "Linear SVM"
  ],
  "mean": [
    0.6373247198295824,
    0.8618820042604428,
    0.7354353061035472,
    0.7306010928961748,
    0.649078910808558,
    0.6539969435954431
  ],
  "parameters": {
    "cv_method": "k10",
    "db": "monktwo",
    "repetition": 8
  },
  "std": [
    0.05769198642846893,
    0.0135335225194735,
    0.0426907917993331,
    0.04071066671005058,
    0.013259052562838047,
    0.011494347793505149
  ]
}