{
  "adv_t": [
    3,
    5,
    2,
    3,
    0,
    0
  ],
  "adv_w": [
    3,
    5,
    2,
    3,
    0,
    0
  ],
  "clfs": [
    "Nearest Neighbors",
    "RBF SVM",
    "Decision Tree",
    "Random Forest",
    "Naive Bayes",
    "Linear SVM"
  ],
  "mean": [
    0.8864010989010993,
    0.9964285714285716,
    0.8087912087912088,
    0.8777472527472527,
    0.6659340659340659,
    0.6659340659340659
  ],
  "parameters": {
    "cv_method": "k20",
    "db": "monkone",
    "repetition": 7
  },
  "std": [
    0.053755744676033335,
    0.015971914124998494,
    0.08529952594704102,
    0.05588766353812084,
    0.10188996342641417,
    0.10188996342641417
  ]
}