{
  "adv_t": [
    0,
    5,
    4,
    3,
    0,
    1
  ],
  "adv_w": [
    0,
    5,
    4,
    3,
    0,
    1
  ],
  "clfs": [
    "Nearest Neighbors",
    "RBF SVM",
    "Decision Tree",
    "Random Forest",
    "Naive Bayes",
    "Linear SVM"
  ],
  "mean": [
    0.6377215424545792,
    0.8669113830181685,
    0.7708064516129033,
    0.710761957730812,
    0.6457174638487209,
    0.65734149054505
  ],
  "parameters": {
    "cv_method": "k20",
    "db": "monktwo",
    "repetition": 7
  },
  "std": [
    0.09264710265261693,
    0.05889839192447974,
    0.06427680111311676,
    0.032558163934399975,
    0.025543223069201298,
    0.009448749072951275
  ]
}