{
  "adv_t": [
    2,
    5,
    2,
    2,
    0,
    0
  ],
  "adv_w": [
    2,
    5,
    2,
    2,
    0,
    0
  ],
  "clfs": [
    "Nearest Neighbors",
    "RBF SVM",
    "Decision Tree",
    "Random Forest",
    "Naive Bayes",
    "Linear SVM"
  ],
  "mean": [
    0.8923941798941799,
    0.9946428571428573,
    0.8099206349206348,
    0.8740079365079365,
    0.6656746031746031,
    0.6656746031746031
  ],
  "parameters": {
    "cv_method": "k10",
    "db": "monkone",
    "repetition": 0
  },
  "std": [
    0.04936110835220373,
    0.012052652816259831,
    0.08905172160427507,
    0.06724401496393398,
    0.05350765722628025,
    0.05350765722628025
  ]
}