{
  "adv_t": [
    3,
    5,
    2,
    3,
    0,
    0
  ],
  "adv_w": [
    3,
    5,
    2,
    3,
    0,
    0
  ],
  "clfs": [
    "Nearest Neighbors",
    "RBF SVM",
    "Decision Tree",
    "Random Forest",
    "Naive Bayes",
    "Linear SVM"
  ],
  "mean": [
    0.8884920634920634,
    0.9982142857142857,
    0.8166005291005292,
    0.8919973544973546,
    0.663690476190476,
    0.6654761904761904
  ],
  "parameters": {
    "cv_method": "k10",
    "db": "monkone",
    "repetition": 3
  },
  "std": [
    0.03645134022723419,
    0.005646924393157801,
    0.07332694755122937,
    0.0770407549142106,
    0.06717459318427835,
    0.06836831723040275
  ]
}