{
  "adv_t": [
    2,
    5,
    2,
    2,
    0,
    0
  ],
  "adv_w": [
    2,
    4,
    2,
    2,
    0,
    0
  ],
  "clfs": [
    "Nearest Neighbors",
    "RBF SVM",
    "Decision Tree",
    "Random Forest",
    "Naive Bayes",
    "Linear SVM"
  ],
  "mean": [
    0.8773381294964029,
    0.9492805755395685,
    0.8366906474820144,
    0.8669064748201437,
    0.6643884892086331,
    0.6654676258992805
  ],
  "parameters": {
    "cv_method": "k2x5",
    "db": "monkone",
    "repetition": 3
  },
  "std": [
    0.020096009111381773,
    0.024186765517495726,
    0.08837507993713344,
    0.0445100987848215,
    0.028377016695106054,
    0.029321389114238563
  ]
}