{
  "adv_t": [
    2,
    2,
    4,
    2,
    1,
    0
  ],
  "adv_w": [
    2,
    2,
    4,
    2,
    1,
    0
  ],
  "clfs": [
    "Nearest Neighbors",
    "RBF SVM",
    "Decision Tree",
    "Random Forest",
    "Naive Bayes",
    "Linear SVM"
  ],
  "mean": [
    0.9692821067821068,
    0.9819781144781144,
    0.9891871091871092,
    0.9729834054834055,
    0.9135606060606062,
    0.8015969215969216
  ],
  "parameters": {
    "cv_method": "k10",
    "db": "monkthree",
    "repetition": 6
  },
  "std": [
    0.01711069234812436,
    0.01683821465959953,
    0.017298373312753697,
    0.022685032857939297,
    0.03906511015900576,
    0.04971952974654231
  ]
}