{
  "adv_t": [
    2,
    2,
    2,
    2,
    1,
    0
  ],
  "adv_w": [
    2,
    2,
    4,
    2,
    1,
    0
  ],
  "clfs": [
    "Nearest Neighbors",
    "RBF SVM",
    "Decision Tree",
    "Random Forest",
    "Naive Bayes",
    "Linear SVM"
  ],
  "mean": [
    0.9712119138843276,
    0.9783638934501001,
    0.9891534391534391,
    0.9694923371647507,
    0.9157293377120961,
    0.8020092136471446
  ],
  "parameters": {
    "cv_method": "k20",
    "db": "monkthree",
    "repetition": 7
  },
  "std": [
    0.030007434332976965,
    0.031484468728393236,
    0.026303520498633985,
    0.037176747480907595,
    0.05639882460393568,
    0.05022210265100448
  ]
}