{
  "adv_t": [
    3,
    5,
    2,
    2,
    0,
    0
  ],
  "adv_w": [
    3,
    5,
    2,
    2,
    0,
    0
  ],
  "clfs": [
    "Nearest Neighbors",
    "RBF SVM",
    "Decision Tree",
    "Random Forest",
    "Naive Bayes",
    "Linear SVM"
  ],
  "mean": [
    0.9224206349206348,
    0.9982142857142857,
    0.8253968253968254,
    0.8824735449735449,
    0.6656084656084655,
    0.6656084656084655
  ],
  "parameters": {
    "cv_method": "k10",
    "db": "monkone",
    "repetition": 9
  },
  "std": [
    0.0335880020140067,
    0.005646924393157801,
    0.11224999663228366,
    0.06845232770150186,
    0.049445860674760825,
    0.049445860674760825
  ]
}