{
  "adv_t": [
    3,
    5,
    2,
    3,
    0,
    0
  ],
  "adv_w": [
    2,
    5,
    2,
    3,
    0,
    0
  ],
  "clfs": [
    "Nearest Neighbors",
    "RBF SVM",
    "Decision Tree",
    "Random Forest",
    "Naive Bayes",
    "Linear SVM"
  ],
  "mean": [
    0.8886243386243388,
    1.0,
    0.8200396825396826,
    0.8938492063492065,
    0.6658068783068783,
    0.6658068783068783
  ],
  "parameters": {
    "cv_method": "k10",
    "db": "monkone",
    "repetition": 6
  },
  "std": [
    0.03309698973395513,
    0.0,
    0.08289912938593587,
    0.0715341298209107,
    0.08581477700016338,
    0.08581477700016338
  ]
}