{
  "adv_t": [
    3,
    5,
    2,
    3,
    0,
    0
  ],
  "adv_w": [
    3,
    5,
    2,
    3,
    0,
    0
  ],
  "clfs": [
    "Nearest Neighbors",
    "RBF SVM",
    "Decision Tree",
    "Random Forest",
    "Naive Bayes",
    "Linear SVM"
  ],
  "mean": [
    0.8903846153846153,
    0.9964285714285716,
    0.8414835164835166,
    0.8905219780219781,
    0.6645604395604396,
    0.6645604395604396
  ],
  "parameters": {
    "cv_method": "k20",
    "db": "monkone",
    "repetition": 3
  },
  "std": [
    0.06789837132026631,
    0.015971914124998494,
    0.07294787197810952,
    0.0804235104813299,
    0.09197910684537446,
    0.09197910684537446
  ]
}