{
  "adv_t": [
    0,
    5,
    4,
    3,
    0,
    0
  ],
  "adv_w": [
    0,
    5,
    4,
    2,
    0,
    0
  ],
  "clfs": [
    "Nearest Neighbors",
    "RBF SVM",
    "Decision Tree",
    "Random Forest",
    "Naive Bayes",
    "Linear SVM"
  ],
  "mean": [
    0.639407705844216,
    0.8432652588682041,
    0.7516583310178753,
    0.6886982495137538,
    0.6457446512920255,
    0.6572756321200333
  ],
  "parameters": {
    "cv_method": "k10",
    "db": "monktwo",
    "repetition": 2
  },
  "std": [
    0.06653368324640213,
    0.04516152622667015,
    0.06646984959388594,
    0.048432620962292415,
    0.02267893611462263,
    0.003662887987644855
  ]
}