{
  "adv_t": [
    2,
    4,
    5,
    2,
    1,
    0
  ],
  "adv_w": [
    2,
    4,
    5,
    2,
    1,
    0
  ],
  "clfs": [
    "Nearest Neighbors",
    "RBF SVM",
    "Decision Tree",
    "Random Forest",
    "Naive Bayes",
    "Linear SVM"
  ],
  "mean": [
    0.9577617328519855,
    0.9768953068592058,
    0.9891696750902526,
    0.959205776173285,
    0.8996389891696752,
    0.7909747292418773
  ],
  "parameters": {
    "cv_method": "k2x5",
    "db": "monkthree",
    "repetition": 8
  },
  "std": [
    0.012277907042777139,
    0.00980579965702206,
    0.0038053882793843505,
    0.018174464306172342,
    0.020336587412060295,
    0.018599747610377904
  ]
}