{
  "adv_t": [
    2,
    2,
    4,
    2,
    1,
    0
  ],
  "adv_w": [
    2,
    2,
    5,
    2,
    1,
    0
  ],
  "clfs": [
    "Nearest Neighbors",
    "RBF SVM",
    "Decision Tree",
    "Random Forest",
    "Naive Bayes",
    "Linear SVM"
  ],
  "mean": [
    0.9654785954785954,
    0.976391293891294,
    0.9890873015873016,
    0.9657094757094757,
    0.9168374218374218,
    0.8012049062049063
  ],
  "parameters": {
    "cv_method": "k10",
    "db": "monkthree",
    "repetition": 4
  },
  "std": [
    0.022176527480814782,
    0.01941812790222455,
    0.012825497292501589,
    0.027315832438272333,
    0.047021130961468614,
    0.05030011592713548
  ]
}