{
  "adv_t": [
    2,
    2,
    3,
    2,
    1,
    0
  ],
  "adv_w": [
    2,
    2,
    3,
    2,
    1,
    0
  ],
  "clfs": [
    "Nearest Neighbors",
    "RBF SVM",
    "Decision Tree",
    "Random Forest",
    "Naive Bayes",
    "Linear SVM"
  ],
  "mean": [
    0.973054643313264,
    0.9782270571063675,
    0.989210454296661,
    0.9659026637474912,
    0.9151477832512315,
    0.8008597883597881
  ],
  "parameters": {
    "cv_method": "k20",
    "db": "monkthree",
    "repetition": 9
  },
  "std": [
    0.02588217813081473,
    0.03218978782919509,
    0.01692175786567628,
    0.033825614486132034,
    0.057353476411570896,
    0.06782449268848074
  ]
}