{
  "adv_t": [
    2,
    3,
    5,
    2,
    1,
    0
  ],
  "adv_w": [
    2,
    3,
    5,
    2,
    1,
    0
  ],
  "clfs": [
    "Nearest Neighbors",
    "RBF SVM",
    "Decision Tree",
    "Random Forest",
    "Naive Bayes",
    "Linear SVM"
  ],
  "mean": [
    0.955956678700361,
    0.9765342960288808,
    0.9891696750902528,
    0.9646209386281589,
    0.9173285198555957,
    0.7898916967509024
  ],
  "parameters": {
    "cv_method": "k2x5",
    "db": "monkthree",
    "repetition": 7
  },
  "std": [
    0.010182525054780369,
    0.009959654246237579,
    0.0048134777376654765,
    0.014718541373208806,
    0.018831866586822555,
    0.029564707849004928
  ]
}