{
  "adv_t": [
    2,
    2,
    3,
    2,
    1,
    0
  ],
  "adv_w": [
    2,
    2,
    3,
    2,
    1,
    0
  ],
  "clfs": [
    "Nearest Neighbors",
    "RBF SVM",
    "Decision Tree",
    "Random Forest",
    "Naive Bayes",
    "Linear SVM"
  ],
  "mean": [
    0.9641785258164566,
    0.9782886334610472,
    0.9890166028097062,
    0.9675606641123882,
    0.9106755154168947,
    0.8029032110928662
  ],
  "parameters": {
    "cv_method": "k20",
    "db": "monkthree",
    "repetition": 3
  },
  "std": [
    0.03256731971092989,
    0.027306833984202916,
    0.020999442539816046,
    0.04569870883961718,
    0.05493180504798765,
    0.0925421551475312
  ]
}