{
  "adv_t": [
    1,
    2,
    2,
    1,
    1,
    0
  ],
  "adv_w": [
    1,
    1,
    2,
    1,
    1,
    0
  ],
  "clfs": [
    "Nearest Neighbors",
    "RBF SVM",
    "Decision Tree",
    "Random Forest",
    "Naive Bayes",
    "Linear SVM"
  ],
  "mean": [
    0.9729521404521406,
    0.9783417508417509,
    0.9891546416546415,
    0.9712325637325637,
    0.9208357383357383,
    0.8013347763347765
  ],
  "parameters": {
    "cv_method": "k10",
    "db": "monkthree",
    "repetition": 5
  },
  "std": [
    0.022785087535391896,
    0.016435494508069408,
    0.012570964480030932,
    0.026943935709773943,
    0.05790229914056843,
    0.06010383089486687
  ]
}