{
  "adv_t": [
    2,
    3,
    5,
    2,
    1,
    0
  ],
  "adv_w": [
    2,
    3,
    5,
    2,
    1,
    0
  ],
  "clfs": [
    "Nearest Neighbors",
    "RBF SVM",
    "Decision Tree",
    "Random Forest",
    "Naive Bayes",
    "Linear SVM"
  ],
  "mean": [
    0.9552346570397111,
    0.9732851985559566,
    0.9862815884476535,
    0.9588447653429603,
    0.9079422382671479,
    0.7873646209386281
  ],
  "parameters": {
    "cv_method": "k2x5",
    "db": "monkthree",
    "repetition": 1
  },
  "std": [
    0.008710931923395383,
    0.005944206515152022,
    0.006764606172108388,
    0.017371920512749533,
    0.026213021553299576,
    0.03930617955995039
  ]
}