{
  "adv_t": [
    2,
    3,
    5,
    2,
    1,
    0
  ],
  "adv_w": [
    2,
    3,
    5,
    2,
    1,
    0
  ],
  "clfs": [
    "Nearest Neighbors",
    "RBF SVM",
    "Decision Tree",
    "Random Forest",
    "Naive Bayes",
    "Linear SVM"
  ],
  "mean": [
    0.9545126353790613,
    0.9718411552346569,
    0.988447653429603,
    0.9610108303249097,
    0.915884476534296,
    0.7913357400722022
  ],
  "parameters": {
    "cv_method": "k2x5",
    "db": "monkthree",
    "repetition": 2
  },
  "std": [
    0.011815102487252597,
    0.008126085687669884,
    0.007378921644647871,
    0.01878181758375616,
    0.022192298851929224,
    0.015010797717942401
  ]
}