{
  "adv_t": [
    2,
    2,
    3,
    1,
    1,
    0
  ],
  "adv_w": [
    1,
    1,
    2,
    1,
    1,
    0
  ],
  "clfs": [
    "Nearest Neighbors",
    "RBF SVM",
    "Decision Tree",
    "Random Forest",
    "Naive Bayes",
    "Linear SVM"
  ],
  "mean": [
    0.976523569023569,
    0.9819131794131796,
    0.9890885040885042,
    0.9637578162578162,
    0.9221248196248194,
    0.8013011063011064
  ],
  "parameters": {
    "cv_method": "k10",
    "db": "monkthree",
    "repetition": 0
  },
  "std": [
    0.020947719016225566,
    0.019034929723748664,
    0.012823792163401869,
    0.02437447522712821,
    0.047031383916262645,
    0.038051637996933035
  ]
}