{
  "adv_t": [
    0,
    5,
    4,
    3,
    0,
    1
  ],
  "adv_w": [
    0,
    5,
    4,
    3,
    0,
    1
  ],
  "clfs": [
    "Nearest Neighbors",
    "RBF SVM",
    "Decision Tree",
    "Random Forest",
    "Naive Bayes",
    "Linear SVM"
  ],
  "mean": [
    0.642183908045977,
    0.8702984797923621,
    0.752397107897664,
    0.697026325546904,
    0.6456674082313681,
    0.65734149054505
  ],
  "parameters": {
    "cv_method": "k20",
    "db": "monktwo",
    "repetition": 8
  },
  "std": [
    0.09062470557316736,
    0.06973840194111876,
    0.06314589447951084,
    0.06137627302930929,
    0.02158238365652349,
    0.009448749072951275
  ]
}