{
  "adv_t": [
    0,
    5,
    2,
    2,
    0,
    0
  ],
  "adv_w": [
    0,
    5,
    2,
    2,
    0,
    0
  ],
  "clfs": [
    "Nearest Neighbors",
    "RBF SVM",
    "Decision Tree",
    "Random Forest",
    "Naive Bayes",
    "Linear SVM"
  ],
  "mean": [
    0.7062013348164629,
    0.8716425658138673,
    0.7605265109380792,
    0.726894697812384,
    0.6457285873192434,
    0.65734149054505
  ],
  "parameters": {
    "cv_method": "k20",
    "db": "monktwo",
    "repetition": 2
  },
  "std": [
    0.10644310335999489,
    0.05665259111342772,
    0.07619273506489763,
    0.0545676909074648,
    0.020782774564239766,
    0.009448749072951275
  ]
}