{
  "adv_t": [
    2,
    4,
    5,
    2,
    1,
    0
  ],
  "adv_w": [
    2,
    4,
    5,
    3,
    1,
    0
  ],
  "clfs": [
    "Nearest Neighbors",
    "RBF SVM",
    "Decision Tree",
    "Random Forest",
    "Naive Bayes",
    "Linear SVM"
  ],
  "mean": [
    0.9545126353790613,
    0.9729241877256316,
    0.9891696750902526,
    0.9606498194945848,
    0.9090252707581229,
    0.7866425992779783
  ],
  "parameters": {
    "cv_method": "k2x5",
    "db": "monkthree",
    "repetition": 3
  },
  "std": [
    0.008875614399319273,
    0.006194723309859777,
    0.00450259613330199,
    0.008063473197473414,
    0.022175979782988086,
    0.020665045340580862
  ]
}