{
  "adv_t": [
    0,
    5,
    4,
    3,
    0,
    0
  ],
  "adv_w": [
    0,
    5,
    3,
    3,
    0,
    0
  ],
  "clfs": [
    "Nearest Neighbors",
    "RBF SVM",
    "Decision Tree",
    "Random Forest",
    "Naive Bayes",
    "Linear SVM"
  ],
  "mean": [
    0.6371078976640712,
    0.8699796069707082,
    0.757573229514275,
    0.7000482017055989,
    0.6471690767519465,
    0.65734149054505
  ],
  "parameters": {
    "cv_method": "k20",
    "db": "monktwo",
    "repetition": 4
  },
  "std": [
    0.07004600301608395,
    0.055896234076106395,
    0.06487053007456191,
    0.0535221440022523,
    0.01985356138559796,
    0.009448749072951275
  ]
}