{
  "adv_t": [
    0,
    5,
    4,
    2,
    0,
    0
  ],
  "adv_w": [
    0,
    5,
    3,
    0,
    0,
    0
  ],
  "clfs": [
    "Nearest Neighbors",
    "RBF SVM",
    "Decision Tree",
    "Random Forest",
    "Naive Bayes",
    "Linear SVM"
  ],
  "mean": [
    0.6461919977771603,
    0.8566851903306475,
    0.7536602760025932,
    0.6986737056589793,
    0.6389659164582755,
    0.6572756321200333
  ],
  "parameters": {
    "cv_method": "k10",
    "db": "monktwo",
    "repetition": 0
  },
  "std": [
    0.06093670606485886,
    0.05577582337534528,
    0.04347758813345113,
    0.040930063728537976,
    0.023513881511115782,
    0.003662887987644855
  ]
}