{
  "adv_t": [
    3,
    5,
    2,
    2,
    0,
    0
  ],
  "adv_w": [
    3,
    5,
    2,
    2,
    0,
    0
  ],
  "clfs": [
    "Nearest Neighbors",
    "RBF SVM",
    "Decision Tree",
    "Random Forest",
    "Naive Bayes",
    "Linear SVM"
  ],
  "mean": [
    0.890521978021978,
    0.9964285714285716,
    0.8256868131868131,
    0.8563186813186812,
    0.6657967032967033,
    0.6657967032967033
  ],
  "parameters": {
    "cv_method": "k20",
    "db": "monkone",
    "repetition": 9
  },
  "std": [
    0.06486061665293837,
    0.015971914124998494,
    0.08735670342255623,
    0.07878085877493059,
    0.10951089499805589,
    0.10951089499805589
  ]
}