{
  "adv_t": [
    2,
    2,
    4,
    2,
    1,
    0
  ],
  "adv_w": [
    2,
    2,
    5,
    2,
    1,
    0
  ],
  "clfs": [
    "Nearest Neighbors",
    "RBF SVM",
    "Decision Tree",
    "Random Forest",
    "Naive Bayes",
    "Linear SVM"
  ],
  "mean": [
    0.972799215471629,
    0.9783547710271845,
    0.9891443167305235,
    0.9655240831964967,
    0.9178252143769386,
    0.8008506659368726
  ],
  "parameters": {
    "cv_method": "k20",
    "db": "monkthree",
    "repetition": 6
  },
  "std": [
    0.028617343174694762,
    0.018156670246149306,
    0.017026562142063037,
    0.027906666860122182,
    0.048349591985430165,
    0.08260053404199008
  ]
}