{
  "adv_t": [
    3,
    5,
    2,
    3,
    0,
    0
  ],
  "adv_w": [
    3,
    5,
    2,
    3,
    0,
    0
  ],
  "clfs": [
    "Nearest Neighbors",
    "RBF SVM",
    "Decision Tree",
    "Random Forest",
    "Naive Bayes",
    "Linear SVM"
  ],
  "mean": [
    0.8940934065934065,
    1.0,
    0.8214285714285715,
    0.8989010989010989,
    0.6644230769230768,
    0.6644230769230768
  ],
  "parameters": {
    "cv_method": "k20",
    "db": "monkone",
    "repetition": 8
  },
  "std": [
    0.06384956200107841,
    0.0,
    0.09780658421028936,
    0.061949435342819215,
    0.09837868500176958,
    0.09837868500176958
  ]
}