{
  "adv_t": [
    4,
    5,
    0,
    1,
    0,
    0
  ],
  "adv_w": [
    4,
    5,
    0,
    1,
    0,
    0
  ],
  "clfs": [
    "Nearest Neighbors",
    "RBF SVM",
    "Decision Tree",
    "Random Forest",
    "Naive Bayes",
    "Linear SVM"
  ],
  "mean": [
    0.8175541125541125,
    0.866103896103896,
    0.6831601731601732,
    0.7491558441558441,
    0.6681601731601732,
    0.6683766233766233
  ],
  "parameters": {
    "cv_method": "k10",
    "db": "sonar",
    "repetition": 7
  },
  "std": [
    0.04251610363664079,
    0.04748737753986627,
    0.07253166047778227,
    0.11104833452696675,
    0.09198494446248691,
    0.1359165828270662
  ]
}