{
  "adv_t": [
    3,
    3,
    0,
    0,
    0,
    0
  ],
  "adv_w": [
    0,
    3,
    0,
    0,
    0,
    0
  ],
  "clfs": [
    "Nearest Neighbors",
    "RBF SVM",
    "Decision Tree",
    "Random Forest",
    "Naive Bayes",
    "Linear SVM"
  ],
  "mean": [
    0.8230086580086582,
    0.8659090909090909,
    0.686991341991342,
    0.8032034632034633,
    0.688008658008658,
    0.6736363636363636
  ],
  "parameters": {
    "cv_method": "k10",
    "db": "sonar",
    "repetition": 8
  },
  "std": [
    0.08274339700534962,
    0.06968541053588104,
    0.09585383239448714,
    0.09054899018411003,
    0.12284965474971533,
    0.11649726989058677
  ]
}