{
  "adv_t": [
    4,
    4,
    0,
    0,
    0,
    0
  ],
  "adv_w": [
    4,
    4,
    0,
    0,
    0,
    0
  ],
  "clfs": [
    "Nearest Neighbors",
    "RBF SVM",
    "Decision Tree",
    "Random Forest",
    "Naive Bayes",
    "Linear SVM"
  ],
  "mean": [
    0.8320346320346319,
    0.8559090909090908,
    0.6845670995670996,
    0.730108225108225,
    0.6672077922077921,
    0.6822077922077923
  ],
  "parameters": {
    "cv_method": "k10",
    "db": "sonar",
    "repetition": 9
  },
  "std": [
    0.0640007335996136,
    0.06778329748668539,
    0.1116770341745325,
    0.10857981554953547,
    0.09826687526498508,
    0.08805565598151742
  ]
}