{
  "adv_t": [
    3,
    4,
    0,
    0,
    0,
    0
  ],
  "adv_w": [
    3,
    5,
    0,
    0,
    0,
    0
  ],
  "clfs": [
    "Nearest Neighbors",
    "RBF SVM",
    "Decision Tree",
    "Random Forest",
    "Naive Bayes",
    "Linear SVM"
  ],
  "mean": [
    0.8112121212121213,
    0.8746969696969698,
    0.7185858585858587,
    0.7361111111111114,
    0.6602525252525252,
    0.6805555555555556
  ],
  "parameters": {
    "cv_method": "k20",
    "db": "sonar",
    "repetition": 7
  },
  "std": [
    0.115473262690007,
    0.08092394338684883,
    0.13709606988338338,
    0.1605205671227345,
    0.1698808132402777,
    0.16200838735839812
  ]
}