{
  "adv_t": [
    4,
    4,
    0,
    1,
    0,
    0
  ],
  "adv_w": [
    4,
    4,
    0,
    2,
    0,
    0
  ],
  "clfs": [
    "Nearest Neighbors",
    "RBF SVM",
    "Decision Tree",
    "Random Forest",
    "Naive Bayes",
    "Linear SVM"
  ],
  "mean": [
    0.8318686868686868,
    0.8696969696969699,
    0.704949494949495,
    0.754848484848485,
    0.666010101010101,
    0.6843434343434343
  ],
  "parameters": {
    "cv_method": "k20",
    "db": "sonar",
    "repetition": 5
  },
  "std": [
    0.11727546553535068,
    0.11231334506068853,
    0.14202265219542246,
    0.09811923848419483,
    0.12738376252369504,
    0.12895002874600825
  ]
}