{
  "adv_t": [
    3,
    4,
    0,
    0,
    0,
    0
  ],
  "adv_w": [
    0,
    3,
    0,
    0,
    0,
    0
  ],
  "clfs": [
    "Nearest Neighbors",
    "RBF SVM",
    "Decision Tree",
    "Random Forest",
    "Naive Bayes",
    "Linear SVM"
  ],
  "mean": [
    0.8175324675324674,
    0.8746753246753247,
    0.7353896103896104,
    0.7208658008658009,
    0.682965367965368,
    0.6919913419913419
  ],
  "parameters": {
    "cv_method": "k10",
    "db": "sonar",
    "repetition": 5
  },
  "std": [
    0.06589731166327674,
    0.061062324321558344,
    0.08294122313450267,
    0.06770615975649893,
    0.08907411047020693,
    0.07415932451839974
  ]
}