{
  "adv_t": [
    3,
    5,
    0,
    3,
    0,
    0
  ],
  "adv_w": [
    3,
    5,
    0,
    3,
    0,
    0
  ],
  "clfs": [
    "Nearest Neighbors",
    "RBF SVM",
    "Decision Tree",
    "Random Forest",
    "Naive Bayes",
    "Linear SVM"
  ],
  "mean": [
    0.8132323232323234,
    0.8741414141414141,
    0.6901515151515152,
    0.8006565656565658,
    0.6862121212121213,
    0.6912121212121212
  ],
  "parameters": {
    "cv_method": "k20",
    "db": "sonar",
    "repetition": 6
  },
  "std": [
    0.07642548035956707,
    0.09324565340092243,
    0.12608232740995287,
    0.10576032781922698,
    0.14599009263657375,
    0.15949299836960124
  ]
}