{
  "adv_t": [
    3,
    5,
    0,
    0,
    0,
    0
  ],
  "adv_w": [
    4,
    5,
    1,
    0,
    0,
    0
  ],
  "clfs": [
    "Nearest Neighbors",
    "RBF SVM",
    "Decision Tree",
    "Random Forest",
    "Naive Bayes",
    "Linear SVM"
  ],
  "mean": [
    0.8013131313131312,
    0.8752525252525254,
    0.7374747474747476,
    0.7282828282828284,
    0.6863636363636364,
    0.6631818181818183
  ],
  "parameters": {
    "cv_method": "k20",
    "db": "sonar",
    "repetition": 4
  },
  "std": [
    0.11977039988847953,
    0.08367232454162989,
    0.13590858762580987,
    0.13138549513066075,
    0.1658423706103383,
    0.17492407636108015
  ]
}