{
  "adv_t": [
    4,
    4,
    0,
    0,
    0,
    0
  ],
  "adv_w": [
    3,
    5,
    0,
    0,
    0,
    0
  ],
  "clfs": [
    "Nearest Neighbors",
    "RBF SVM",
    "Decision Tree",
    "Random Forest",
    "Naive Bayes",
    "Linear SVM"
  ],
  "mean": [
    0.8329870129870128,
    0.871103896103896,
    0.7264935064935065,
    0.7212987012987012,
    0.6790692640692642,
    0.6645454545454546
  ],
  "parameters": {
    "cv_method": "k10",
    "db": "sonar",
    "repetition": 3
  },
  "std": [
    0.0892485718654713,
    0.07784636707216287,
    0.08193530685810181,
    0.10472881584625011,
    0.10392701610440763,
    0.09224734770671625
  ]
}