{
  "adv_t": [
    4,
    4,
    0,
    0,
    0,
    0
  ],
  "adv_w": [
    4,
    4,
    0,
    0,
    0,
    0
  ],
  "clfs": [
    "Nearest Neighbors",
    "RBF SVM",
    "Decision Tree",
    "Random Forest",
    "Naive Bayes",
    "Linear SVM"
  ],
  "mean": [
    0.8228787878787879,
    0.8725252525252527,
    0.6588383838383838,
    0.7170202020202021,
    0.6869696969696971,
    0.6864646464646466
  ],
  "parameters": {
    "cv_method": "k20",
    "db": "sonar",
    "repetition": 2
  },
  "std": [
    0.10984405143607495,
    0.11673901294403964,
    0.14213603054653381,
    0.11715167613536494,
    0.16847675906824905,
    0.14656796663736016
  ]
}