{
  "adv_t": [
    2,
    2,
    0,
    1,
    0,
    0
  ],
  "adv_w": [
    2,
    4,
    0,
    1,
    0,
    0
  ],
  "clfs": [
    "Nearest Neighbors",
    "RBF SVM",
    "Decision Tree",
    "Random Forest",
    "Naive Bayes",
    "Linear SVM"
  ],
  "mean": [
    0.8125541125541126,
    0.8513852813852815,
    0.7362337662337661,
    0.7603246753246753,
    0.6575324675324676,
    0.7024675324675325
  ],
  "parameters": {
    "cv_method": "k10",
    "db": "sonar",
    "repetition": 1
  },
  "std": [
    0.07636525331525455,
    0.11345475306567424,
    0.1411569354564094,
    0.09598910514167558,
    0.11467199357604745,
    0.07146195672052658
  ]
}