{
  "adv_t": [
    3,
    4,
    1,
    0,
    0,
    0
  ],
  "adv_w": [
    4,
    5,
    0,
    0,
    0,
    0
  ],
  "clfs": [
    "Nearest Neighbors",
    "RBF SVM",
    "Decision Tree",
    "Random Forest",
    "Naive Bayes",
    "Linear SVM"
  ],
  "mean": [
    0.8170995670995671,
    0.8645238095238096,
    0.7156060606060606,
    0.7261471861471861,
    0.6824891774891775,
    0.6208225108225107
  ],
  "parameters": {
    "cv_method": "k10",
    "db": "sonar",
    "repetition": 4
  },
  "std": [
    0.12876607023890305,
    0.1171190344426259,
    0.10472102416726112,
    0.1595534793384371,
    0.11514041408370435,
    0.13492660742543178
  ]
}