{
  "adv_t": [
    3,
    4,
    0,
    0,
    0,
    0
  ],
  "adv_w": [
    2,
    4,
    0,
    0,
    0,
    0
  ],
  "clfs": [
    "Nearest Neighbors",
    "RBF SVM",
    "Decision Tree",
    "Random Forest",
    "Naive Bayes",
    "Linear SVM"
  ],
  "mean": [
    0.8192929292929294,
    0.8742424242424244,
    0.6722727272727272,
    0.7549494949494949,
    0.6797474747474749,
    0.7055555555555555
  ],
  "parameters": {
    "cv_method": "k20",
    "db": "sonar",
    "repetition": 8
  },
  "std": [
    0.10021692837254569,
    0.08028037422935815,
    0.11979119076217443,
    0.1260910689892904,
    0.12329003755665115,
    0.13330896463472294
  ]
}