{
  "adv_t": [
    3,
    5,
    0,
    2,
    0,
    0
  ],
  "adv_w": [
    4,
    5,
    0,
    2,
    0,
    0
  ],
  "clfs": [
    "Nearest Neighbors",
    "RBF SVM",
    "Decision Tree",
    "Random Forest",
    "Naive Bayes",
    "Linear SVM"
  ],
  "mean": [
    0.8272222222222225,
    0.8806060606060608,
    0.7155050505050504,
    0.7764646464646464,
    0.6803030303030304,
    0.6663636363636363
  ],
  "parameters": {
    "cv_method": "k20",
    "db": "sonar",
    "repetition": 3
  },
  "std": [
    0.08687763451810725,
    0.09477944662784071,
    0.1296091440646261,
    0.130714745047328,
    0.14162834085235246,
    0.13931883575690635
  ]
}