{
  "adv_t": [
    4,
    4,
    1,
    2,
    0,
    0
  ],
  "adv_w": [
    3,
    5,
    0,
    2,
    0,
    0
  ],
  "clfs": [
    "Nearest Neighbors",
    "RBF SVM",
    "Decision Tree",
    "Random Forest",
    "Naive Bayes",
    "Linear SVM"
  ],
  "mean": [
    0.8277777777777778,
    0.8706060606060607,
    0.7320202020202022,
    0.7667171717171719,
    0.6777777777777777,
    0.6605050505050506
  ],
  "parameters": {
    "cv_method": "k20",
    "db": "sonar",
    "repetition": 1
  },
  "std": [
    0.10680330325216526,
    0.09399448459778716,
    0.10917559278364804,
    0.12142568241298671,
    0.1721790704271579,
    0.13689949256166045
  ]
}