{
  "adv_t": [
    3,
    4,
    0,
    0,
    0,
    0
  ],
  "adv_w": [
    2,
    4,
    0,
    0,
    0,
    0
  ],
  "clfs": [
    "Nearest Neighbors",
    "RBF SVM",
    "Decision Tree",
    "Random Forest",
    "Naive Bayes",
    "Linear SVM"
  ],
  "mean": [
    0.8177777777777779,
    0.8685858585858588,
    0.7034848484848485,
    0.7664141414141415,
    0.6816161616161616,
    0.7005050505050506
  ],
  "parameters": {
    "cv_method": "k20",
    "db": "sonar",
    "repetition": 0
  },
  "std": [
    0.09203765202127705,
    0.10719947519534834,
    0.1290952748066025,
    0.11222001145305571,
    0.09656047356958475,
    0.13680712336450304
  ]
}