{
  "adv_t": [
    4,
    5,
    0,
    0,
    0,
    0
  ],
  "adv_w": [
    4,
    5,
    0,
    0,
    0,
    0
  ],
  "clfs": [
    "Nearest Neighbors",
    "RBF SVM",
    "Decision Tree",
    "Random Forest",
    "Naive Bayes",
    "Linear SVM"
  ],
  "mean": [
    0.816969696969697,
    0.8832323232323235,
    0.693787878787879,
    0.7189393939393941,
    0.6722727272727275,
    0.6982323232323233
  ],
  "parameters": {
    "cv_method": "k20",
    "db": "sonar",
    "repetition": 9
  },
  "std": [
    0.10527396182318753,
    0.08718363341771303,
    0.1719297789436143,
    0.12169577219504407,
    0.15479923949210492,
    0.12172445110930971
  ]
}