{
  "adv_t": [
    2,
    3,
    2,
    2,
    0,
    0
  ],
  "adv_w": [
    0,
    2,
    0,
    1,
    0,
    0
  ],
  "clfs": [
    "Nearest Neighbors",
    "RBF SVM",
    "Decision Tree",
    "Random Forest",
    "Naive Bayes",
    "Linear SVM"
  ],
  "mean": [
    0.8116017316017314,
    0.8791991341991341,
    0.7741774891774892,
    0.7748917748917749,
    0.6652380952380953,
    0.6295887445887447
  ],
  "parameters": {
    "cv_method": "k10",
    "db": "sonar",
    "repetition": 0
  },
  "std": [
    0.08287064445085217,
    0.09583351903844922,
    0.06295390864455928,
    0.08097237729948538,
    0.08732467227252072,
    0.11312763424607053
  ]
}