{
  "adv_t": [
    4,
    4,
    0,
    2,
    0,
    0
  ],
  "adv_w": [
    4,
    4,
    0,
    2,
    0,
    0
  ],
  "clfs": [
    "Nearest Neighbors",
    "RBF SVM",
    "Decision Tree",
    "Random Forest",
    "Naive Bayes",
    "Linear SVM"
  ],
  "mean": [
    0.8320346320346319,
    0.8606709956709956,
    0.7031601731601732,
    0.7599134199134199,
    0.6672077922077921,
    0.6965151515151515
  ],
  "parameters": {
    "cv_method": "k10",
    "db": "sonar",
    "repetition": 2
  },
  "std": [
    0.0640007335996136,
    0.057642629344039846,
    0.11662273921565211,
    0.05833027010976737,
    0.09826687526498508,
    0.09705246512769682
  ]
}