{
  "adv_t": [
    3,
    4,
    0,
    0,
    0,
    0
  ],
  "adv_w": [
    1,
    4,
    0,
    0,
    0,
    0
  ],
  "clfs": [
    "Nearest Neighbors",
    "RBF SVM",
    "Decision Tree",
    "Random Forest",
    "Naive Bayes",
    "Linear SVM"
  ],
  "mean": [
    0.8218398268398269,
    0.8653896103896102,
    0.6736796536796537,
    0.6865367965367966,
    0.7019696969696969,
    0.6933766233766233
  ],
  "parameters": {
    "cv_method": "k10",
    "db": "sonar",
    "repetition": 6
  },
  "std": [
    0.08523513137837137,
    0.03701171416819074,
    0.10677236607809115,
    0.0862032926562199,
    0.09555668704764725,
    0.156330916384797
  ]
}