{
  "adv_t": [
    1,
    0,
    2,
    2,
    3,
    2
  ],
  "adv_w": [
    1,
    0,
    2,
    2,
    2,
    2
  ],
  "clfs": [
    "Nearest Neighbors",
    "RBF SVM",
    "Decision Tree",
    "Random Forest",
    "Naive Bayes",
    "Linear SVM"
  ],
  "mean": [
    0.7001547987616099,
    0.3992539559683522,
    0.898467062263502,
    0.9561059511523908,
    0.9714933780529755,
    0.9551191090471276
  ],
  "parameters": {
    "cv_method": "k10",
    "db": "wine",
    "repetition": 6
  },
  "std": [
    0.09456463040321304,
    0.01778421058376654,
    0.06975446175629335,
    0.048841875595159207,
    0.030153505918912322,
    0.043233686472101
  ]
}