{
  "adv_t": [
    1,
    0,
    2,
    3,
    3,
    2
  ],
  "adv_w": [
    1,
    0,
    2,
    2,
    3,
    3
  ],
  "clfs": [
    "Nearest Neighbors",
    "RBF SVM",
    "Decision Tree",
    "Random Forest",
    "Naive Bayes",
    "Linear SVM"
  ],
  "mean": [
    0.7191627966976265,
    0.3992539559683522,
    0.9224802201582388,
    0.9718610251117992,
    0.9826797385620916,
    0.9499656002751978
  ],
  "parameters": {
    "cv_method": "k10",
    "db": "wine",
    "repetition": 4
  },
  "std": [
    0.055890513002860076,
    0.01778421058376654,
    0.04626276661046896,
    0.040641705428051914,
    0.039338044407331144,
    0.04102370106371788
  ]
}