{
  "adv_t": [
    1,
    0,
    2,
    3,
    4,
    2
  ],
  "adv_w": [
    1,
    0,
    2,
    2,
    3,
    2
  ],
  "clfs": [
    "Nearest Neighbors",
    "RBF SVM",
    "Decision Tree",
    "Random Forest",
    "Naive Bayes",
    "Linear SVM"
  ],
  "mean": [
    0.6752272727272729,
    0.3988636363636364,
    0.9145454545454544,
    0.9572474747474746,
    0.9731060606060605,
    0.9415151515151516
  ],
  "parameters": {
    "cv_method": "k2x5",
    "db": "wine",
    "repetition": 7
  },
  "std": [
    0.03343509150766427,
    0.0011978324470334994,
    0.030264706405832537,
    0.020516301861901776,
    0.011826075092926058,
    0.02189270796294039
  ]
}