{
  "adv_t": [
    1,
    0,
    2,
    3,
    3,
    2
  ],
  "adv_w": [
    1,
    0,
    2,
    3,
    3,
    3
  ],
  "clfs": [
    "Nearest Neighbors",
    "RBF SVM",
    "Decision Tree",
    "Random Forest",
    "Naive Bayes",
    "Linear SVM"
  ],
  "mean": [
    0.7193253968253968,
    0.3980952380952381,
    0.8927976190476192,
    0.965357142857143,
    0.9775,
    0.9498015873015874
  ],
  "parameters": {
    "cv_method": "k20",
    "db": "wine",
    "repetition": 8
  },
  "std": [
    0.14543968347378464,
    0.024782942030718926,
    0.08970391016700872,
    0.05508634955800039,
    0.046523904438584326,
    0.0777500142253663
  ]
}