{
  "adv_t": [
    1,
    0,
    2,
    2,
    3,
    2
  ],
  "adv_w": [
    1,
    0,
    2,
    2,
    2,
    2
  ],
  "clfs": [
    "Nearest Neighbors",
    "RBF SVM",
    "Decision Tree",
    "Random Forest",
    "Naive Bayes",
    "Linear SVM"
  ],
  "mean": [
    0.7408346233230134,
    0.3992539559683522,
    0.9215277777777778,
    0.972514619883041,
    0.9777777777777779,
    0.9444444444444444
  ],
  "parameters": {
    "cv_method": "k10",
    "db": "wine",
    "repetition": 8
  },
  "std": [
    0.10363484564080507,
    0.01778421058376654,
    0.05339651125556911,
    0.02898524703879826,
    0.028688765527462363,
    0.058560697410525546
  ]
}