{
  "adv_t": [
    1,
    0,
    2,
    3,
    4,
    3
  ],
  "adv_w": [
    1,
    0,
    2,
    3,
    4,
    3
  ],
  "clfs": [
    "Nearest Neighbors",
    "RBF SVM",
    "Decision Tree",
    "Random Forest",
    "Naive Bayes",
    "Linear SVM"
  ],
  "mean": [
    0.7000252525252525,
    0.3988636363636364,
    0.9032828282828284,
    0.9460101010101012,
    0.973030303030303,
    0.9369949494949494
  ],
  "parameters": {
    "cv_method": "k2x5",
    "db": "wine",
    "repetition": 5
  },
  "std": [
    0.04151315973332375,
    0.0011978324470334994,
    0.019624893307353005,
    0.035574665178942165,
    0.020748022793527075,
    0.020913146778833647
  ]
}