{
  "adv_t": [
    1,
    0,
    2,
    3,
    3,
    3
  ],
  "adv_w": [
    1,
    0,
    2,
    3,
    3,
    3
  ],
  "clfs": [
    "Nearest Neighbors",
    "RBF SVM",
    "Decision Tree",
    "Random Forest",
    "Naive Bayes",
    "Linear SVM"
  ],
  "mean": [
    0.707249742002064,
    0.3992539559683522,
    0.8943003955968353,
    0.9613691090471276,
    0.9715277777777779,
    0.9437156002751979
  ],
  "parameters": {
    "cv_method": "k10",
    "db": "wine",
    "repetition": 7
  },
  "std": [
    0.0980093917686696,
    0.01778421058376654,
    0.07468658324749779,
    0.03645813684007631,
    0.030083688141268026,
    0.045436966082768815
  ]
}