{
  "adv_t": [
    1,
    0,
    2,
    3,
    3,
    3
  ],
  "adv_w": [
    1,
    0,
    2,
    3,
    4,
    3
  ],
  "clfs": [
    "Nearest Neighbors",
    "RBF SVM",
    "Decision Tree",
    "Random Forest",
    "Naive Bayes",
    "Linear SVM"
  ],
  "mean": [
    0.7004960317460317,
    0.3980952380952381,
    0.8827777777777779,
    0.9537500000000001,
    0.9725000000000001,
    0.95375
  ],
  "parameters": {
    "cv_method": "k20",
    "db": "wine",
    "repetition": 0
  },
  "std": [
    0.165442247980844,
    0.024782942030718926,
    0.12783687928881396,
    0.07130134345822221,
    0.049271001399883975,
    0.08821139382188675
  ]
}