{
  "adv_t": [
    1,
    0,
    2,
    2,
    3,
    2
  ],
  "adv_w": [
    1,
    0,
    2,
    3,
    3,
    2
  ],
  "clfs": [
    "Nearest Neighbors",
    "RBF SVM",
    "Decision Tree",
    "Random Forest",
    "Naive Bayes",
    "Linear SVM"
  ],
  "mean": [
    0.7275198412698411,
    0.3980952380952381,
    0.8987103174603176,
    0.9685515873015873,
    0.9810515873015874,
    0.9433531746031747
  ],
  "parameters": {
    "cv_method": "k20",
    "db": "wine",
    "repetition": 1
  },
  "std": [
    0.1204894774505799,
    0.024782942030718926,
    0.10099448438109278,
    0.056124293010508156,
    0.046565175265068544,
    0.0893018991178821
  ]
}