{
  "adv_t": [
    1,
    0,
    2,
    2,
    4,
    3
  ],
  "adv_w": [
    1,
    0,
    2,
    2,
    4,
    3
  ],
  "clfs": [
    "Nearest Neighbors",
    "RBF SVM",
    "Decision Tree",
    "Random Forest",
    "Naive Bayes",
    "Linear SVM"
  ],
  "mean": [
    0.6980714654282765,
    0.3992539559683522,
    0.8936812005503956,
    0.9276681286549708,
    0.9777433780529756,
    0.9610767113863089
  ],
  "parameters": {
    "cv_method": "k10",
    "db": "wine",
    "repetition": 2
  },
  "std": [
    0.07028477452608796,
    0.01778421058376654,
    0.040216046817315616,
    0.06905271727494437,
    0.03890500899251323,
    0.026899329845710498
  ]
}