{
  "adv_t": [
    1,
    0,
    2,
    2,
    3,
    2
  ],
  "adv_w": [
    1,
    0,
    2,
    2,
    2,
    2
  ],
  "clfs": [
    "Nearest Neighbors",
    "RBF SVM",
    "Decision Tree",
    "Random Forest",
    "Naive Bayes",
    "Linear SVM"
  ],
  "mean": [
    0.7247248022015824,
    0.3992539559683522,
    0.9089933780529756,
    0.944702442380461,
    0.978654970760234,
    0.961001461988304
  ],
  "parameters": {
    "cv_method": "k10",
    "db": "wine",
    "repetition": 9
  },
  "std": [
    0.12685612375993663,
    0.01778421058376654,
    0.050967640221438924,
    0.05173199958084196,
    0.05105668412336693,
    0.04508786638700769
  ]
}