{
  "adv_t": [
    1,
    0,
    2,
    3,
    3,
    2
  ],
  "adv_w": [
    1,
    0,
    2,
    4,
    4,
    2
  ],
  "clfs": [
    "Nearest Neighbors",
    "RBF SVM",
    "Decision Tree",
    "Random Forest",
    "Naive Bayes",
    "Linear SVM"
  ],
  "mean": [
    0.7182936507936508,
    0.3980952380952381,
    0.9193849206349208,
    0.9656944444444445,
    0.966388888888889,
    0.9392460317460317
  ],
  "parameters": {
    "cv_method": "k20",
    "db": "wine",
    "repetition": 5
  },
  "std": [
    0.11999048095143265,
    0.024782942030718926,
    0.07741936957370868,
    0.05413591869828517,
    0.05298819243955862,
    0.08507848640115345
  ]
}