{
  "adv_t": [
    1,
    0,
    2,
    3,
    3,
    3
  ],
  "adv_w": [
    1,
    0,
    2,
    3,
    4,
    3
  ],
  "clfs": [
    "Nearest Neighbors",
    "RBF SVM",
    "Decision Tree",
    "Random Forest",
    "Naive Bayes",
    "Linear SVM"
  ],
  "mean": [
    0.7266269841269841,
    0.3980952380952381,
    0.8686904761904761,
    0.9619444444444444,
    0.9731944444444445,
    0.9445833333333333
  ],
  "parameters": {
    "cv_method": "k20",
    "db": "wine",
    "repetition": 9
  },
  "std": [
    0.13315754887152162,
    0.024782942030718926,
    0.09418423643536905,
    0.07767380268231953,
    0.04790336920328924,
    0.07510808218225794
  ]
}