{
  "adv_t": [
    1,
    0,
    2,
    2,
    2,
    2
  ],
  "adv_w": [
    1,
    0,
    2,
    2,
    2,
    2
  ],
  "clfs": [
    "Nearest Neighbors",
    "RBF SVM",
    "Decision Tree",
    "Random Forest",
    "Naive Bayes",
    "Linear SVM"
  ],
  "mean": [
    0.7091073271413829,
    0.3992539559683522,
    0.8932383040935672,
    0.9669590643274855,
    0.9616959064327485,
    0.9447368421052632
  ],
  "parameters": {
    "cv_method": "k10",
    "db": "wine",
    "repetition": 0
  },
  "std": [
    0.09348848440972014,
    0.01778421058376654,
    0.07299790913757076,
    0.03866952155113828,
    0.04473779764296964,
    0.052386440887754814
  ]
}