{
  "adv_t": [
    1,
    0,
    2,
    3,
    3,
    3
  ],
  "adv_w": [
    1,
    0,
    2,
    3,
    4,
    3
  ],
  "clfs": [
    "Nearest Neighbors",
    "RBF SVM",
    "Decision Tree",
    "Random Forest",
    "Naive Bayes",
    "Linear SVM"
  ],
  "mean": [
    0.7153571428571428,
    0.3980952380952381,
    0.8747420634920637,
    0.960138888888889,
    0.9788888888888889,
    0.9556944444444445
  ],
  "parameters": {
    "cv_method": "k20",
    "db": "wine",
    "repetition": 6
  },
  "std": [
    0.13774532797012545,
    0.024782942030718926,
    0.08960166644678384,
    0.05609587396612511,
    0.043394019584183666,
    0.06487276370777739
  ]
}