{
  "adv_t": [
    1,
    0,
    2,
    2,
    3,
    2
  ],
  "adv_w": [
    1,
    0,
    2,
    3,
    3,
    3
  ],
  "clfs": [
    "Nearest Neighbors",
    "RBF SVM",
    "Decision Tree",
    "Random Forest",
    "Naive Bayes",
    "Linear SVM"
  ],
  "mean": [
    0.7232738095238096,
    0.3980952380952381,
    0.8963888888888889,
    0.96875,
    0.97875,
    0.9625
  ],
  "parameters": {
    "cv_method": "k20",
    "db": "wine",
    "repetition": 7
  },
  "std": [
    0.10817261535178235,
    0.024782942030718926,
    0.1005713857850554,
    0.06731456008918128,
    0.04388606660553281,
    0.052877713940552934
  ]
}