{
  "adv_t": [
    1,
    0,
    2,
    3,
    3,
    3
  ],
  "adv_w": [
    1,
    0,
    2,
    3,
    4,
    3
  ],
  "clfs": [
    "Nearest Neighbors",
    "RBF SVM",
    "Decision Tree",
    "Random Forest",
    "Naive Bayes",
    "Linear SVM"
  ],
  "mean": [
    0.7020876332989336,
    0.3992539559683522,
    0.8674750601995184,
    0.9724802201582387,
    0.9783625730994153,
    0.9505503955968353
  ],
  "parameters": {
    "cv_method": "k10",
    "db": "wine",
    "repetition": 1
  },
  "std": [
    0.13598461232419076,
    0.01778421058376654,
    0.08489975705262226,
    0.03820994155570249,
    0.03737406927471927,
    0.05327419643296622
  ]
}