{
  "adv_t": [
    1,
    0,
    2,
    4,
    4,
    2
  ],
  "adv_w": [
    1,
    0,
    2,
    4,
    4,
    2
  ],
  "clfs": [
    "Nearest Neighbors",
    "RBF SVM",
    "Decision Tree",
    "Random Forest",
    "Naive Bayes",
    "Linear SVM"
  ],
  "mean": [
    0.6955555555555556,
    0.3988636363636364,
    0.9047474747474749,
    0.956111111111111,
    0.9706313131313131,
    0.9190151515151515
  ],
  "parameters": {
    "cv_method": "k2x5",
    "db": "wine",
    "repetition": 6
  },
  "std": [
    0.041338143019125535,
    0.0011978324470334994,
    0.04194990964097334,
    0.02346048843409351,
    0.018800670403788067,
    0.01778348817200661
  ]
}