{
  "adv_t": [
    1,
    0,
    2,
    3,
    3,
    3
  ],
  "adv_w": [
    1,
    0,
    2,
    3,
    3,
    3
  ],
  "clfs": [
    "Nearest Neighbors",
    "RBF SVM",
    "Decision Tree",
    "Random Forest",
    "Naive Bayes",
    "Linear SVM"
  ],
  "mean": [
    0.7330952380952381,
    0.3980952380952381,
    0.8777976190476192,
    0.9744444444444446,
    0.9766071428571429,
    0.9581944444444446
  ],
  "parameters": {
    "cv_method": "k20",
    "db": "wine",
    "repetition": 3
  },
  "std": [
    0.13307888359488684,
    0.024782942030718926,
    0.09809168909329466,
    0.05585882139130285,
    0.048714338081245416,
    0.0699686356449023
  ]
}