{
  "adv_t": [
    1,
    0,
    2,
    3,
    3,
    3
  ],
  "adv_w": [
    1,
    0,
    2,
    3,
    3,
    3
  ],
  "clfs": [
    "Nearest Neighbors",
    "RBF SVM",
    "Decision Tree",
    "Random Forest",
    "Naive Bayes",
    "Linear SVM"
  ],
  "mean": [
    0.7302976190476189,
    0.3980952380952381,
    0.8902976190476192,
    0.9476587301587303,
    0.9751587301587303,
    0.9554960317460319
  ],
  "parameters": {
    "cv_method": "k20",
    "db": "wine",
    "repetition": 2
  },
  "std": [
    0.1220329037370203,
    0.024782942030718926,
    0.0837583618419604,
    0.09224856624235635,
    0.06944765477720935,
    0.05671371201644143
  ]
}