{
  "adv_t": [
    1,
    0,
    2,
    2,
    3,
    2
  ],
  "adv_w": [
    1,
    0,
    2,
    3,
    4,
    3
  ],
  "clfs": [
    "Nearest Neighbors",
    "RBF SVM",
    "Decision Tree",
    "Random Forest",
    "Naive Bayes",
    "Linear SVM"
  ],
  "mean": [
    0.7135319917440659,
    0.3992539559683522,
    0.9069852941176471,
    0.9645833333333333,
    0.9816176470588236,
    0.9413398692810458
  ],
  "parameters": {
    "cv_method": "k10",
    "db": "wine",
    "repetition": 5
  },
  "std": [
    0.10484419080709059,
    0.01778421058376654,
    0.0927654516320536,
    0.05950920235231736,
    0.04177465820847872,
    0.07685125353160674
  ]
}