{
  "adv_t": [
    1,
    0,
    2,
    3,
    3,
    3
  ],
  "adv_w": [
    1,
    0,
    2,
    3,
    4,
    3
  ],
  "clfs": [
    "Nearest Neighbors",
    "RBF SVM",
    "Decision Tree",
    "Random Forest",
    "Naive Bayes",
    "Linear SVM"
  ],
  "mean": [
    0.7145238095238096,
    0.3980952380952381,
    0.891388888888889,
    0.9631944444444445,
    0.9769444444444446,
    0.9483333333333335
  ],
  "parameters": {
    "cv_method": "k20",
    "db": "wine",
    "repetition": 4
  },
  "std": [
    0.1266085061709982,
    0.024782942030718926,
    0.10544738994770628,
    0.07057198662108445,
    0.04755302091950101,
    0.05900408021045225
  ]
}