{
  "adv_t": [
    1,
    0,
    2,
    3,
    3,
    3
  ],
  "adv_w": [
    1,
    0,
    2,
    4,
    3,
    3
  ],
  "clfs": [
    "Nearest Neighbors",
    "RBF SVM",
    "Decision Tree",
    "Random Forest",
    "Naive Bayes",
    "Linear SVM"
  ],
  "mean": [
    0.7359391124871002,
    0.3992539559683522,
    0.9044999140006882,
    0.9836257309941521,
    0.967251461988304,
    0.9489787581699346
  ],
  "parameters": {
    "cv_method": "k10",
    "db": "wine",
    "repetition": 3
  },
  "std": [
    0.06360279824222789,
    0.01778421058376654,
    0.04572948493655846,
    0.037170172121802826,
    0.05275417099426436,
    0.05540866631968217
  ]
}