{
  "adv_t": [
    1,
    0,
    1,
    1,
    1,
    1
  ],
  "adv_w": [
    1,
    0,
    1,
    1,
    1,
    1
  ],
  "clfs": [
    "Nearest Neighbors",
    "RBF SVM",
    "Decision Tree",
    "Random Forest",
    "Naive Bayes",
    "Linear SVM"
  ],
  "mean": [
    0.9656728778467908,
    0.8568944099378882,
    0.9427950310559007,
    0.954265010351967,
    0.9542857142857143,
    0.9556521739130435
  ],
  "parameters": {
    "cv_method": "k10",
    "db": "wisconsin",
    "repetition": 0
  },
  "std": [
    0.01534011070115166,
    0.027239957206561888,
    0.02015514923910559,
    0.022098737879626622,
    0.02676851299534323,
    0.021766127375614203
  ]
}