{
  "adv_t": [
    2,
    0,
    1,
    1,
    1,
    1
  ],
  "adv_w": [
    2,
    0,
    1,
    2,
    1,
    2
  ],
  "clfs": [
    "Nearest Neighbors",
    "RBF SVM",
    "Decision Tree",
    "Random Forest",
    "Naive Bayes",
    "Linear SVM"
  ],
  "mean": [
    0.9642028985507247,
    0.8569565217391302,
    0.9384472049689441,
    0.9585093167701866,
    0.9542236024844721,
    0.9556521739130437
  ],
  "parameters": {
    "cv_method": "k10",
    "db": "wisconsin",
    "repetition": 6
  },
  "std": [
    0.02057943936735268,
    0.02320882345702881,
    0.03639119073927362,
    0.026474818813143626,
    0.024086159601083745,
    0.023758519498850668
  ]
}