{
  "adv_t": [
    1,
    0,
    1,
    1,
    1,
    1
  ],
  "adv_w": [
    2,
    0,
    1,
    4,
    2,
    2
  ],
  "clfs": [
    "Nearest Neighbors",
    "RBF SVM",
    "Decision Tree",
    "Random Forest",
    "Naive Bayes",
    "Linear SVM"
  ],
  "mean": [
    0.9571008403361343,
    0.8569747899159665,
    0.944201680672269,
    0.9642436974789916,
    0.9542436974789915,
    0.9571428571428573
  ],
  "parameters": {
    "cv_method": "k20",
    "db": "wisconsin",
    "repetition": 5
  },
  "std": [
    0.036478388484225896,
    0.059995651353789155,
    0.04091287515429455,
    0.03574351640903154,
    0.03391119233991248,
    0.04093430853779306
  ]
}