{
  "adv_t": [
    1,
    0,
    1,
    1,
    1,
    1
  ],
  "adv_w": [
    1,
    0,
    1,
    1,
    1,
    1
  ],
  "clfs": [
    "Nearest Neighbors",
    "RBF SVM",
    "Decision Tree",
    "Random Forest",
    "Naive Bayes",
    "Linear SVM"
  ],
  "mean": [
    0.9571008403361345,
    0.8626050420168069,
    0.9499159663865546,
    0.9599159663865547,
    0.9542016806722688,
    0.9542016806722691
  ],
  "parameters": {
    "cv_method": "k20",
    "db": "wisconsin",
    "repetition": 7
  },
  "std": [
    0.03647838848422589,
    0.053110797260881054,
    0.044351248606207844,
    0.043908838006751626,
    0.0339648810986524,
    0.042907412132749186
  ]
}