{
  "adv_t": [
    1,
    0,
    1,
    1,
    1,
    1
  ],
  "adv_w": [
    1,
    0,
    1,
    1,
    1,
    1
  ],
  "clfs": [
    "Nearest Neighbors",
    "RBF SVM",
    "Decision Tree",
    "Random Forest",
    "Naive Bayes",
    "Linear SVM"
  ],
  "mean": [
    0.9571008403361343,
    0.8655042016806724,
    0.948529411764706,
    0.9571008403361343,
    0.9542436974789915,
    0.9570588235294117
  ],
  "parameters": {
    "cv_method": "k20",
    "db": "wisconsin",
    "repetition": 4
  },
  "std": [
    0.03528092569534711,
    0.0572588222844424,
    0.03886342440148067,
    0.03275493094099887,
    0.03127476217245369,
    0.038812729331756286
  ]
}