{
  "adv_t": [
    2,
    0,
    1,
    2,
    2,
    2
  ],
  "adv_w": [
    2,
    0,
    1,
    2,
    1,
    2
  ],
  "clfs": [
    "Nearest Neighbors",
    "RBF SVM",
    "Decision Tree",
    "Random Forest",
    "Naive Bayes",
    "Linear SVM"
  ],
  "mean": [
    0.9585051166598444,
    0.8412009823986901,
    0.9356193205075727,
    0.9590814572247238,
    0.954784281620958,
    0.9559320507572657
  ],
  "parameters": {
    "cv_method": "k2x5",
    "db": "wisconsin",
    "repetition": 8
  },
  "std": [
    0.009602290891862101,
    0.011150809530601252,
    0.011322394802218198,
    0.008450300452698744,
    0.011382814299174437,
    0.0065391896954328154
  ]
}