{
  "adv_t": [
    1,
    0,
    1,
    1,
    1,
    1
  ],
  "adv_w": [
    1,
    0,
    1,
    1,
    1,
    1
  ],
  "clfs": [
    "Nearest Neighbors",
    "RBF SVM",
    "Decision Tree",
    "Random Forest",
    "Naive Bayes",
    "Linear SVM"
  ],
  "mean": [
    0.957058823529412,
    0.8654621848739499,
    0.9499579831932774,
    0.9585714285714287,
    0.9542436974789916,
    0.9585714285714287
  ],
  "parameters": {
    "cv_method": "k20",
    "db": "wisconsin",
    "repetition": 3
  },
  "std": [
    0.03147782246705096,
    0.04847332343720885,
    0.03916787749392509,
    0.03274088618771038,
    0.04185060005917517,
    0.03875062800502855
  ]
}