{
  "adv_t": [
    1,
    0,
    1,
    1,
    1,
    1
  ],
  "adv_w": [
    2,
    0,
    1,
    2,
    2,
    2
  ],
  "clfs": [
    "Nearest Neighbors",
    "RBF SVM",
    "Decision Tree",
    "Random Forest",
    "Naive Bayes",
    "Linear SVM"
  ],
  "mean": [
    0.9599792960662527,
    0.8611801242236024,
    0.9356728778467909,
    0.9628157349896481,
    0.9542236024844721,
    0.9585093167701864
  ],
  "parameters": {
    "cv_method": "k10",
    "db": "wisconsin",
    "repetition": 7
  },
  "std": [
    0.024993430031437395,
    0.036554318037217544,
    0.03699476846248182,
    0.019264228793208684,
    0.02676186664075559,
    0.021775184535940687
  ]
}