{
  "adv_t": [
    1,
    0,
    1,
    2,
    1,
    2
  ],
  "adv_w": [
    2,
    0,
    1,
    2,
    2,
    2
  ],
  "clfs": [
    "Nearest Neighbors",
    "RBF SVM",
    "Decision Tree",
    "Random Forest",
    "Naive Bayes",
    "Linear SVM"
  ],
  "mean": [
    0.9584472049689442,
    0.86120082815735,
    0.9299171842650104,
    0.9613457556935818,
    0.9541821946169774,
    0.9570186335403728
  ],
  "parameters": {
    "cv_method": "k10",
    "db": "wisconsin",
    "repetition": 5
  },
  "std": [
    0.030656437116607996,
    0.05803614600075011,
    0.032575980170899466,
    0.023451474100112803,
    0.03362646466918958,
    0.023583952624469204
  ]
}