{
  "adv_t": [
    1,
    0,
    1,
    1,
    1,
    1
  ],
  "adv_w": [
    1,
    0,
    1,
    1,
    1,
    1
  ],
  "clfs": [
    "Nearest Neighbors",
    "RBF SVM",
    "Decision Tree",
    "Random Forest",
    "Naive Bayes",
    "Linear SVM"
  ],
  "mean": [
    0.9599579831932774,
    0.8641176470588237,
    0.944201680672269,
    0.9556302521008405,
    0.9542857142857143,
    0.9571008403361343
  ],
  "parameters": {
    "cv_method": "k20",
    "db": "wisconsin",
    "repetition": 8
  },
  "std": [
    0.032627370760958826,
    0.07227667279800161,
    0.03984889264340218,
    0.036498887391604465,
    0.03637730433493788,
    0.025362175745036318
  ]
}