{
  "adv_t": [
    1,
    0,
    1,
    1,
    1,
    1
  ],
  "adv_w": [
    1,
    0,
    1,
    1,
    1,
    1
  ],
  "clfs": [
    "Nearest Neighbors",
    "RBF SVM",
    "Decision Tree",
    "Random Forest",
    "Naive Bayes",
    "Linear SVM"
  ],
  "mean": [
    0.9599579831932774,
    0.8640336134453783,
    0.9513865546218488,
    0.9613865546218487,
    0.9542436974789915,
    0.957058823529412
  ],
  "parameters": {
    "cv_method": "k20",
    "db": "wisconsin",
    "repetition": 2
  },
  "std": [
    0.038654765103419926,
    0.0681883917300552,
    0.03830997173894638,
    0.031112721547027884,
    0.045773236276835765,
    0.038812729331756314
  ]
}