{
  "adv_t": [
    1,
    0,
    1,
    1,
    1,
    1
  ],
  "adv_w": [
    2,
    0,
    1,
    2,
    2,
    2
  ],
  "clfs": [
    "Nearest Neighbors",
    "RBF SVM",
    "Decision Tree",
    "Random Forest",
    "Naive Bayes",
    "Linear SVM"
  ],
  "mean": [
    0.9613871635610766,
    0.8598757763975154,
    0.9413457556935818,
    0.9628364389233954,
    0.9542443064182196,
    0.9599585921325053
  ],
  "parameters": {
    "cv_method": "k10",
    "db": "wisconsin",
    "repetition": 9
  },
  "std": [
    0.02522469385143189,
    0.02894436595190869,
    0.028128080228111228,
    0.024445697247782026,
    0.02757434433397166,
    0.03069651731598319
  ]
}