{
  "adv_t": [
    1,
    0,
    1,
    2,
    1,
    2
  ],
  "adv_w": [
    1,
    0,
    1,
    2,
    2,
    2
  ],
  "clfs": [
    "Nearest Neighbors",
    "RBF SVM",
    "Decision Tree",
    "Random Forest",
    "Naive Bayes",
    "Linear SVM"
  ],
  "mean": [
    0.9556521739130435,
    0.8612836438923395,
    0.9384679089026916,
    0.9599378881987578,
    0.9542236024844721,
    0.9599378881987578
  ],
  "parameters": {
    "cv_method": "k10",
    "db": "wisconsin",
    "repetition": 2
  },
  "std": [
    0.03190583000027257,
    0.04506519255352065,
    0.02140537113031143,
    0.02410252695495837,
    0.022123293979041055,
    0.02410252695495837
  ]
}