{
  "adv_t": [
    1,
    0,
    1,
    1,
    1,
    1
  ],
  "adv_w": [
    1,
    0,
    1,
    1,
    1,
    1
  ],
  "clfs": [
    "Nearest Neighbors",
    "RBF SVM",
    "Decision Tree",
    "Random Forest",
    "Naive Bayes",
    "Linear SVM"
  ],
  "mean": [
    0.9570588235294117,
    0.8654621848739497,
    0.9499159663865546,
    0.9642016806722689,
    0.9542436974789915,
    0.9541596638655461
  ],
  "parameters": {
    "cv_method": "k20",
    "db": "wisconsin",
    "repetition": 1
  },
  "std": [
    0.025438885064506683,
    0.055884032258040915,
    0.03328276082410623,
    0.026088770618166817,
    0.025187185531566274,
    0.027069116307544383
  ]
}