{
  "adv_t": [
    1,
    0,
    1,
    1,
    1,
    1
  ],
  "adv_w": [
    2,
    0,
    1,
    2,
    1,
    2
  ],
  "clfs": [
    "Nearest Neighbors",
    "RBF SVM",
    "Decision Tree",
    "Random Forest",
    "Naive Bayes",
    "Linear SVM"
  ],
  "mean": [
    0.9599171842650103,
    0.8612008281573498,
    0.9426915113871634,
    0.9599378881987578,
    0.9541821946169774,
    0.9556107660455486
  ],
  "parameters": {
    "cv_method": "k10",
    "db": "wisconsin",
    "repetition": 1
  },
  "std": [
    0.02596969933713207,
    0.040556605301110805,
    0.027330029056357282,
    0.0175733594419815,
    0.029302393803422238,
    0.022926525753949545
  ]
}