{
  "adv_t": [
    2,
    0,
    1,
    1,
    1,
    1
  ],
  "adv_w": [
    2,
    0,
    1,
    2,
    2,
    2
  ],
  "clfs": [
    "Nearest Neighbors",
    "RBF SVM",
    "Decision Tree",
    "Random Forest",
    "Naive Bayes",
    "Linear SVM"
  ],
  "mean": [
    0.9627950310559008,
    0.864182194616977,
    0.9427950310559007,
    0.9571014492753622,
    0.9542443064182194,
    0.9542236024844721
  ],
  "parameters": {
    "cv_method": "k10",
    "db": "wisconsin",
    "repetition": 8
  },
  "std": [
    0.022555793224372744,
    0.03294073286591004,
    0.02690149360743628,
    0.020170916586635345,
    0.018766491418011857,
    0.025900695592487182
  ]
}