{
  "adv_t": [
    1,
    0,
    1,
    1,
    1,
    1
  ],
  "adv_w": [
    1,
    0,
    1,
    3,
    1,
    1
  ],
  "clfs": [
    "Nearest Neighbors",
    "RBF SVM",
    "Decision Tree",
    "Random Forest",
    "Naive Bayes",
    "Linear SVM"
  ],
  "mean": [
    0.9585294117647057,
    0.8640756302521011,
    0.9484873949579832,
    0.9671428571428573,
    0.9542436974789915,
    0.9585294117647057
  ],
  "parameters": {
    "cv_method": "k20",
    "db": "wisconsin",
    "repetition": 0
  },
  "std": [
    0.03272405292095517,
    0.060019357562823665,
    0.03159002725677253,
    0.02823105526194525,
    0.03261962380882155,
    0.029983419127952635
  ]
}