{
  "adv_t": [
    1,
    0,
    1,
    1,
    1,
    1
  ],
  "adv_w": [
    2,
    0,
    1,
    1,
    1,
    1
  ],
  "clfs": [
    "Nearest Neighbors",
    "RBF SVM",
    "Decision Tree",
    "Random Forest",
    "Naive Bayes",
    "Linear SVM"
  ],
  "mean": [
    0.9585294117647057,
    0.8599159663865548,
    0.9384873949579833,
    0.955672268907563,
    0.9542436974789916,
    0.955672268907563
  ],
  "parameters": {
    "cv_method": "k20",
    "db": "wisconsin",
    "repetition": 6
  },
  "std": [
    0.029983419127952632,
    0.04792677494101569,
    0.03738822375493692,
    0.03524867549103739,
    0.03127476217245366,
    0.025317293782589834
  ]
}