{
  "adv_t": [
    1,
    0,
    1,
    2,
    1,
    1
  ],
  "adv_w": [
    2,
    0,
    1,
    2,
    1,
    2
  ],
  "clfs": [
    "Nearest Neighbors",
    "RBF SVM",
    "Decision Tree",
    "Random Forest",
    "Naive Bayes",
    "Linear SVM"
  ],
  "mean": [
    0.958447204968944,
    0.865424430641822,
    0.9384057971014492,
    0.9670600414078676,
    0.9556107660455488,
    0.955569358178054
  ],
  "parameters": {
    "cv_method": "k10",
    "db": "wisconsin",
    "repetition": 3
  },
  "std": [
    0.022052265132079214,
    0.04267254362861617,
    0.03193320314161518,
    0.018007384491773644,
    0.026590063535804544,
    0.026811074601070798
  ]
}