{
  "adv_t": [
    1,
    0,
    1,
    1,
    1,
    1
  ],
  "adv_w": [
    1,
    0,
    1,
    1,
    1,
    1
  ],
  "clfs": [
    "Nearest Neighbors",
    "RBF SVM",
    "Decision Tree",
    "Random Forest",
    "Naive Bayes",
    "Linear SVM"
  ],
  "mean": [
    0.9570168067226892,
    0.8655042016806723,
    0.9484873949579832,
    0.9613445378151262,
    0.9542016806722691,
    0.9584873949579833
  ],
  "parameters": {
    "cv_method": "k20",
    "db": "wisconsin",
    "repetition": 9
  },
  "std": [
    0.032951549287976785,
    0.050903240186822685,
    0.027205560031492316,
    0.03744226219529861,
    0.036407023567116746,
    0.0387883031742825
  ]
}