{
  "adv_t": [
    2,
    0,
    1,
    2,
    2,
    2
  ],
  "adv_w": [
    2,
    0,
    1,
    2,
    1,
    2
  ],
  "clfs": [
    "Nearest Neighbors",
    "RBF SVM",
    "Decision Tree",
    "Random Forest",
    "Naive Bayes",
    "Linear SVM"
  ],
  "mean": [
    0.9573614408514123,
    0.8426344658207121,
    0.9404928366762177,
    0.9582234957020057,
    0.9550699959066721,
    0.95621776504298
  ],
  "parameters": {
    "cv_method": "k2x5",
    "db": "wisconsin",
    "repetition": 6
  },
  "std": [
    0.006713180902884984,
    0.013251943760194873,
    0.008126036357499901,
    0.006511876153935739,
    0.00848268157530142,
    0.006657722814044194
  ]
}