{
  "adv_t": [
    1,
    0,
    1,
    1,
    1,
    1
  ],
  "adv_w": [
    1,
    0,
    1,
    1,
    1,
    1
  ],
  "clfs": [
    "Nearest Neighbors",
    "RBF SVM",
    "Decision Tree",
    "Random Forest",
    "Naive Bayes",
    "Linear SVM"
  ],
  "mean": [
    0.9542443064182196,
    0.8627122153209111,
    0.945631469979296,
    0.9671221532091098,
    0.9556521739130435,
    0.9499585921325053
  ],
  "parameters": {
    "cv_method": "k10",
    "db": "wisconsin",
    "repetition": 4
  },
  "std": [
    0.01993822143685878,
    0.04093070481933725,
    0.023146096667478903,
    0.01653862919660723,
    0.014200544264007896,
    0.023528724964528368
  ]
}