{
  "adv_t": [
    2,
    3,
    2,
    1,
    0,
    2
  ],
  "adv_w": [
    2,
    4,
    2,
    1,
    0,
    2
  ],
  "clfs": [
    "Nearest Neighbors",
    "RBF SVM",
    "Decision Tree",
    "Random Forest",
    "Naive Bayes",
    "Linear SVM"
  ],
  "mean": [
    0.9407259810145716,
    0.9535095834089121,
    0.9387124372694842,
    0.9124332184533526,
    0.3200325896366165,
    0.9501176612854465
  ],
  "parameters": {
    "cv_method": "k10",
    "db": "yeast3",
    "repetition": 0
  },
  "std": [
    0.020708511921285675,
    0.019698178264356263,
    0.01681228974727857,
    0.0248983833105401,
    0.061812441287794756,
    0.02092976742697468
  ]
}