{
  "adv_t": [
    2,
    2,
    2,
    1,
    0,
    2
  ],
  "adv_w": [
    2,
    4,
    2,
    1,
    0,
    2
  ],
  "clfs": [
    "Nearest Neighbors",
    "RBF SVM",
    "Decision Tree",
    "Random Forest",
    "Naive Bayes",
    "Linear SVM"
  ],
  "mean": [
    0.9407122558800411,
    0.9528518048249592,
    0.9400320454682871,
    0.9151225588004113,
    0.3139201886450209,
    0.9494778402563636
  ],
  "parameters": {
    "cv_method": "k10",
    "db": "yeast3",
    "repetition": 6
  },
  "std": [
    0.021514644084105968,
    0.019292447120789938,
    0.01505069253773477,
    0.02597732203571266,
    0.07025332246328594,
    0.017113343605694546
  ]
}