{
  "adv_t": [
    2,
    2,
    2,
    1,
    0,
    2
  ],
  "adv_w": [
    2,
    4,
    2,
    1,
    0,
    3
  ],
  "clfs": [
    "Nearest Neighbors",
    "RBF SVM",
    "Decision Tree",
    "Random Forest",
    "Naive Bayes",
    "Linear SVM"
  ],
  "mean": [
    0.9408001422475106,
    0.952854907539118,
    0.940097439544808,
    0.9083582266477002,
    0.3214928876244666,
    0.9508458985301089
  ],
  "parameters": {
    "cv_method": "k20",
    "db": "yeast3",
    "repetition": 2
  },
  "std": [
    0.02885620442330066,
    0.023313780296154423,
    0.032080615476175356,
    0.02453736493708223,
    0.061133825717113996,
    0.024399100162040808
  ]
}