{
  "adv_t": [
    2,
    2,
    2,
    1,
    0,
    2
  ],
  "adv_w": [
    2,
    2,
    2,
    1,
    0,
    2
  ],
  "clfs": [
    "Nearest Neighbors",
    "RBF SVM",
    "Decision Tree",
    "Random Forest",
    "Naive Bayes",
    "Linear SVM"
  ],
  "mean": [
    0.9427377904220007,
    0.9534857752489332,
    0.9494409672830724,
    0.9063582266477003,
    0.32371479374110956,
    0.9508008534850638
  ],
  "parameters": {
    "cv_method": "k20",
    "db": "yeast3",
    "repetition": 4
  },
  "std": [
    0.025079433018241854,
    0.02341599526022345,
    0.02272890305577776,
    0.020996140579280512,
    0.05551395033988168,
    0.025676214713215684
  ]
}