{
  "adv_t": [
    2,
    2,
    2,
    1,
    0,
    2
  ],
  "adv_w": [
    2,
    4,
    2,
    1,
    0,
    2
  ],
  "clfs": [
    "Nearest Neighbors",
    "RBF SVM",
    "Decision Tree",
    "Random Forest",
    "Naive Bayes",
    "Linear SVM"
  ],
  "mean": [
    0.9427438781062942,
    0.9535366104359394,
    0.940050123949453,
    0.9063343007436966,
    0.31669514480923877,
    0.950806759779914
  ],
  "parameters": {
    "cv_method": "k10",
    "db": "yeast3",
    "repetition": 2
  },
  "std": [
    0.020601220043572788,
    0.018801722270268544,
    0.019372758108645447,
    0.016023290587633774,
    0.05452644318839042,
    0.015597318271608733
  ]
}