{
  "adv_t": [
    2,
    2,
    2,
    1,
    0,
    2
  ],
  "adv_w": [
    2,
    5,
    2,
    1,
    0,
    2
  ],
  "clfs": [
    "Nearest Neighbors",
    "RBF SVM",
    "Decision Tree",
    "Random Forest",
    "Naive Bayes",
    "Linear SVM"
  ],
  "mean": [
    0.9400704125177809,
    0.9548902323376008,
    0.9434132290184921,
    0.9117818871503081,
    0.31999691797060215,
    0.948133475580844
  ],
  "parameters": {
    "cv_method": "k20",
    "db": "yeast3",
    "repetition": 8
  },
  "std": [
    0.028736116881659925,
    0.025823449413595066,
    0.031452352645187816,
    0.02900027815901651,
    0.05939534023800936,
    0.02800838211536056
  ]
}