{
  "adv_t": [
    2,
    5,
    2,
    1,
    0,
    4
  ],
  "adv_w": [
    2,
    5,
    2,
    1,
    0,
    4
  ],
  "clfs": [
    "Nearest Neighbors",
    "RBF SVM",
    "Decision Tree",
    "Random Forest",
    "Naive Bayes",
    "Linear SVM"
  ],
  "mean": [
    0.9417795965221055,
    0.95363945633833,
    0.9401608898527506,
    0.9142946402137447,
    0.2662501839026596,
    0.9470329462749948
  ],
  "parameters": {
    "cv_method": "k2x5",
    "db": "yeast3",
    "repetition": 5
  },
  "std": [
    0.005947519077327839,
    0.004449546369420011,
    0.00601206627027132,
    0.015752494329848838,
    0.1070155794889441,
    0.0047383637116615775
  ]
}