{
  "adv_t": [
    2,
    4,
    2,
    1,
    0,
    2
  ],
  "adv_w": [
    2,
    3,
    2,
    1,
    0,
    2
  ],
  "clfs": [
    "Nearest Neighbors",
    "RBF SVM",
    "Decision Tree",
    "Random Forest",
    "Naive Bayes",
    "Linear SVM"
  ],
  "mean": [
    0.9435310763709148,
    0.9526900645339407,
    0.9423154116785909,
    0.9031022789399215,
    0.254211416313846,
    0.9479754360536397
  ],
  "parameters": {
    "cv_method": "k2x5",
    "db": "yeast3",
    "repetition": 9
  },
  "std": [
    0.0073647064942543895,
    0.006215864645388889,
    0.005104155113244938,
    0.01450890293371691,
    0.09266557241657611,
    0.005681824324413393
  ]
}