{
  "adv_t": [
    2,
    3,
    2,
    1,
    0,
    2
  ],
  "adv_w": [
    2,
    4,
    2,
    1,
    0,
    3
  ],
  "clfs": [
    "Nearest Neighbors",
    "RBF SVM",
    "Decision Tree",
    "Random Forest",
    "Naive Bayes",
    "Linear SVM"
  ],
  "mean": [
    0.9413328591749643,
    0.9534772403982931,
    0.9433508771929826,
    0.9009267425320056,
    0.33002489331436696,
    0.9494231863442391
  ],
  "parameters": {
    "cv_method": "k20",
    "db": "yeast3",
    "repetition": 1
  },
  "std": [
    0.020271835875197736,
    0.018812064894705955,
    0.02429832220374556,
    0.014678002576098916,
    0.06819762461844342,
    0.025825059154434213
  ]
}