{
  "adv_t": [
    2,
    2,
    2,
    1,
    0,
    2
  ],
  "adv_w": [
    2,
    4,
    2,
    1,
    0,
    2
  ],
  "clfs": [
    "Nearest Neighbors",
    "RBF SVM",
    "Decision Tree",
    "Random Forest",
    "Naive Bayes",
    "Linear SVM"
  ],
  "mean": [
    0.9434042200094831,
    0.9521789947842582,
    0.937314129919393,
    0.9103762446657182,
    0.3226823138928402,
    0.948764817449028
  ],
  "parameters": {
    "cv_method": "k20",
    "db": "yeast3",
    "repetition": 6
  },
  "std": [
    0.031767624185867004,
    0.02604614978843001,
    0.02919446640057702,
    0.02441041447480565,
    0.059914806431662616,
    0.02930148834325209
  ]
}