{
  "adv_t": [
    2,
    4,
    2,
    1,
    0,
    2
  ],
  "adv_w": [
    2,
    5,
    2,
    1,
    0,
    3
  ],
  "clfs": [
    "Nearest Neighbors",
    "RBF SVM",
    "Decision Tree",
    "Random Forest",
    "Naive Bayes",
    "Linear SVM"
  ],
  "mean": [
    0.9431265813358326,
    0.952295377640706,
    0.9424583562644056,
    0.9106574542786202,
    0.2746708369432744,
    0.9482526068769607
  ],
  "parameters": {
    "cv_method": "k2x5",
    "db": "yeast3",
    "repetition": 3
  },
  "std": [
    0.0033534908441098504,
    0.009250966759905922,
    0.0069085665076876425,
    0.016152781014821396,
    0.09138016438699027,
    0.01022294772830965
  ]
}