{
  "adv_t": [
    2,
    5,
    2,
    1,
    0,
    3
  ],
  "adv_w": [
    2,
    5,
    2,
    1,
    0,
    3
  ],
  "clfs": [
    "Nearest Neighbors",
    "RBF SVM",
    "Decision Tree",
    "Random Forest",
    "Naive Bayes",
    "Linear SVM"
  ],
  "mean": [
    0.9415096909890421,
    0.9529628761831072,
    0.9438064308716714,
    0.9194086780259478,
    0.25739288691757345,
    0.9477106162237565
  ],
  "parameters": {
    "cv_method": "k2x5",
    "db": "yeast3",
    "repetition": 7
  },
  "std": [
    0.00644818870779946,
    0.0036510533789929126,
    0.009368628935374514,
    0.02096102004642414,
    0.08783106484734944,
    0.00454903466281897
  ]
}