{
  "adv_t": [
    3,
    5,
    2,
    1,
    0,
    3
  ],
  "adv_w": [
    3,
    5,
    2,
    1,
    0,
    3
  ],
  "clfs": [
    "Nearest Neighbors",
    "RBF SVM",
    "Decision Tree",
    "Random Forest",
    "Naive Bayes",
    "Linear SVM"
  ],
  "mean": [
    0.9459551404653055,
    0.9520225659915396,
    0.9389484945410427,
    0.9175262413202487,
    0.2562059201217662,
    0.9468998098310275
  ],
  "parameters": {
    "cv_method": "k2x5",
    "db": "yeast3",
    "repetition": 0
  },
  "std": [
    0.003965558146647389,
    0.0031708074783928382,
    0.009206825353321336,
    0.023070803964383917,
    0.0930914592201175,
    0.005831001909692233
  ]
}