{
  "adv_t": [
    2,
    3,
    2,
    1,
    0,
    2
  ],
  "adv_w": [
    2,
    5,
    2,
    1,
    0,
    2
  ],
  "clfs": [
    "Nearest Neighbors",
    "RBF SVM",
    "Decision Tree",
    "Random Forest",
    "Naive Bayes",
    "Linear SVM"
  ],
  "mean": [
    0.9420528686581319,
    0.9541794689426271,
    0.9407015173067806,
    0.9131242294926503,
    0.32599810336652435,
    0.9481164058795638
  ],
  "parameters": {
    "cv_method": "k20",
    "db": "yeast3",
    "repetition": 9
  },
  "std": [
    0.025543953918202054,
    0.02528782560335439,
    0.020726173394166457,
    0.022705994339253126,
    0.049691052336436066,
    0.02736516995434332
  ]
}