{
  "adv_t": [
    2,
    2,
    2,
    1,
    0,
    2
  ],
  "adv_w": [
    2,
    3,
    2,
    1,
    0,
    2
  ],
  "clfs": [
    "Nearest Neighbors",
    "RBF SVM",
    "Decision Tree",
    "Random Forest",
    "Naive Bayes",
    "Linear SVM"
  ],
  "mean": [
    0.9453601232811758,
    0.9528015647226173,
    0.9440177809388335,
    0.904304646752015,
    0.3293321479374111,
    0.94941417733523
  ],
  "parameters": {
    "cv_method": "k20",
    "db": "yeast3",
    "repetition": 3
  },
  "std": [
    0.025390289455609255,
    0.02296777545760295,
    0.027837314267905516,
    0.01953545855787045,
    0.05743868456261937,
    0.02356853386103057
  ]
}