{
  "adv_t": [
    2,
    2,
    2,
    1,
    0,
    2
  ],
  "adv_w": [
    2,
    4,
    2,
    1,
    0,
    3
  ],
  "clfs": [
    "Nearest Neighbors",
    "RBF SVM",
    "Decision Tree",
    "Random Forest",
    "Naive Bayes",
    "Linear SVM"
  ],
  "mean": [
    0.9406942378620231,
    0.9541896728943708,
    0.9433924662917953,
    0.9036359513876292,
    0.31601493439748474,
    0.9494961001269726
  ],
  "parameters": {
    "cv_method": "k10",
    "db": "yeast3",
    "repetition": 7
  },
  "std": [
    0.014197381610495852,
    0.014818491842812843,
    0.011109920066206275,
    0.019584239159215797,
    0.05674629262767306,
    0.01676056793641028
  ]
}