{
  "adv_t": [
    2,
    2,
    2,
    1,
    0,
    2
  ],
  "adv_w": [
    2,
    4,
    2,
    1,
    0,
    2
  ],
  "clfs": [
    "Nearest Neighbors",
    "RBF SVM",
    "Decision Tree",
    "Random Forest",
    "Naive Bayes",
    "Linear SVM"
  ],
  "mean": [
    0.943404694167852,
    0.9514682313892842,
    0.9387017543859649,
    0.9049272166903746,
    0.32871787577050743,
    0.947405168326221
  ],
  "parameters": {
    "cv_method": "k20",
    "db": "yeast3",
    "repetition": 7
  },
  "std": [
    0.01931849218633727,
    0.01817692922361864,
    0.023626976478208488,
    0.020845064546249778,
    0.0524570108697889,
    0.024737211218030773
  ]
}