{
  "adv_t": [
    1,
    2,
    1,
    1,
    0,
    2
  ],
  "adv_w": [
    1,
    2,
    1,
    1,
    0,
    1
  ],
  "clfs": [
    "Nearest Neighbors",
    "RBF SVM",
    "Decision Tree",
    "Random Forest",
    "Naive Bayes",
    "Linear SVM"
  ],
  "mean": [
    0.9407121954168934,
    0.9521534554688916,
    0.9434012939113611,
    0.9157843279521132,
    0.31732601729246024,
    0.9494372090211017
  ],
  "parameters": {
    "cv_method": "k10",
    "db": "yeast3",
    "repetition": 5
  },
  "std": [
    0.013722214570362021,
    0.013254271617434787,
    0.018007953634855293,
    0.025730611032248593,
    0.06145817934545947,
    0.017834931321586995
  ]
}