{
  "adv_t": [
    2,
    4,
    2,
    1,
    0,
    2
  ],
  "adv_w": [
    2,
    4,
    2,
    1,
    0,
    3
  ],
  "clfs": [
    "Nearest Neighbors",
    "RBF SVM",
    "Decision Tree",
    "Random Forest",
    "Naive Bayes",
    "Linear SVM"
  ],
  "mean": [
    0.940568291003936,
    0.9513507082749841,
    0.9412426915720816,
    0.9091653452920012,
    0.2664913915392062,
    0.9464985841765611
  ],
  "parameters": {
    "cv_method": "k2x5",
    "db": "yeast3",
    "repetition": 4
  },
  "std": [
    0.004909823606704668,
    0.007613937881717383,
    0.007638526168568023,
    0.017557921864232794,
    0.12007855449234149,
    0.006105000765588821
  ]
}