{
  "adv_t": [
    2,
    4,
    2,
    1,
    0,
    4
  ],
  "adv_w": [
    2,
    5,
    2,
    1,
    0,
    3
  ],
  "clfs": [
    "Nearest Neighbors",
    "RBF SVM",
    "Decision Tree",
    "Random Forest",
    "Naive Bayes",
    "Linear SVM"
  ],
  "mean": [
    0.9415075114019651,
    0.95161334851779,
    0.940970606451941,
    0.9141473364537755,
    0.2714345133981034,
    0.9495905100778659
  ],
  "parameters": {
    "cv_method": "k2x5",
    "db": "yeast3",
    "repetition": 1
  },
  "std": [
    0.004483835521513268,
    0.0043777966243491,
    0.01048322695719263,
    0.020041188697593693,
    0.11928686583432577,
    0.004864928674362629
  ]
}