{
  "adv_t": [
    2,
    2,
    2,
    1,
    0,
    2
  ],
  "adv_w": [
    2,
    2,
    2,
    1,
    0,
    2
  ],
  "clfs": [
    "Nearest Neighbors",
    "RBF SVM",
    "Decision Tree",
    "Random Forest",
    "Naive Bayes",
    "Linear SVM"
  ],
  "mean": [
    0.9407032468710319,
    0.9535049277465385,
    0.9413833363564909,
    0.9036449603966382,
    0.3120065300199529,
    0.947437329947397
  ],
  "parameters": {
    "cv_method": "k10",
    "db": "yeast3",
    "repetition": 8
  },
  "std": [
    0.011371715196724436,
    0.016059901529098607,
    0.018230751858198016,
    0.023769874516541816,
    0.059723113495792,
    0.014163437897047724
  ]
}