{
  "adv_t": [
    2,
    2,
    2,
    1,
    0,
    2
  ],
  "adv_w": [
    2,
    4,
    2,
    1,
    0,
    2
  ],
  "clfs": [
    "Nearest Neighbors",
    "RBF SVM",
    "Decision Tree",
    "Random Forest",
    "Naive Bayes",
    "Linear SVM"
  ],
  "mean": [
    0.9420979137031766,
    0.9535661450924611,
    0.9441069227121861,
    0.903024893314367,
    0.32895068752963497,
    0.9495033191085822
  ],
  "parameters": {
    "cv_method": "k20",
    "db": "yeast3",
    "repetition": 5
  },
  "std": [
    0.03118166812760442,
    0.024372050207155698,
    0.031861891617780795,
    0.021379533250455437,
    0.06000616400446824,
    0.021714203126542424
  ]
}