{
  "adv_t": [
    2,
    2,
    2,
    1,
    0,
    2
  ],
  "adv_w": [
    2,
    4,
    2,
    1,
    0,
    4
  ],
  "clfs": [
    "Nearest Neighbors",
    "RBF SVM",
    "Decision Tree",
    "Random Forest",
    "Naive Bayes",
    "Linear SVM"
  ],
  "mean": [
    0.9420366406675132,
    0.9535050486728341,
    0.9420410544772961,
    0.9056676945401778,
    0.31799673499002357,
    0.9508204244512969
  ],
  "parameters": {
    "cv_method": "k10",
    "db": "yeast3",
    "repetition": 9
  },
  "std": [
    0.01807763570938096,
    0.016012730339913427,
    0.015988867001901247,
    0.023761788384959855,
    0.061041247045875394,
    0.015167742092841902
  ]
}