{
  "adv_t": [
    2,
    2,
    2,
    1,
    0,
    2
  ],
  "adv_w": [
    2,
    4,
    2,
    1,
    0,
    2
  ],
  "clfs": [
    "Nearest Neighbors",
    "RBF SVM",
    "Decision Tree",
    "Random Forest",
    "Naive Bayes",
    "Linear SVM"
  ],
  "mean": [
    0.9447302738980591,
    0.9541625854041961,
    0.9427257996251287,
    0.909744119958885,
    0.3166588064574642,
    0.949450934155632
  ],
  "parameters": {
    "cv_method": "k10",
    "db": "yeast3",
    "repetition": 4
  },
  "std": [
    0.020031056880279546,
    0.012654349925173424,
    0.0162721811376643,
    0.02232175825071905,
    0.0644211851677683,
    0.01598947965351066
  ]
}