{
  "adv_t": [
    2,
    2,
    2,
    1,
    0,
    2
  ],
  "adv_w": [
    2,
    3,
    2,
    1,
    0,
    3
  ],
  "clfs": [
    "Nearest Neighbors",
    "RBF SVM",
    "Decision Tree",
    "Random Forest",
    "Naive Bayes",
    "Linear SVM"
  ],
  "mean": [
    0.9419995258416313,
    0.9534770033191087,
    0.9487830725462306,
    0.9171600284495021,
    0.32133025130393555,
    0.9501256519677573
  ],
  "parameters": {
    "cv_method": "k20",
    "db": "yeast3",
    "repetition": 0
  },
  "std": [
    0.022889836902233042,
    0.02298764459048579,
    0.024181391807812,
    0.027609133169340657,
    0.05790457684051191,
    0.023197636445776673
  ]
}