{
  "adv_t": [
    2,
    2,
    2,
    1,
    0,
    2
  ],
  "adv_w": [
    2,
    3,
    2,
    1,
    0,
    2
  ],
  "clfs": [
    "Nearest Neighbors",
    "RBF SVM",
    "Decision Tree",
    "Random Forest",
    "Naive Bayes",
    "Linear SVM"
  ],
  "mean": [
    0.9447076606808149,
    0.9527886208356007,
    0.943356248866316,
    0.9003073341798175,
    0.31201547856581413,
    0.9494147771933008
  ],
  "parameters": {
    "cv_method": "k10",
    "db": "yeast3",
    "repetition": 1
  },
  "std": [
    0.01461607907698254,
    0.01244636660219629,
    0.021015185444709705,
    0.022483678574723606,
    0.06156477288299447,
    0.014423599495211626
  ]
}