{
  "adv_t": [
    2,
    4,
    2,
    1,
    0,
    3
  ],
  "adv_w": [
    2,
    5,
    2,
    1,
    0,
    3
  ],
  "clfs": [
    "Nearest Neighbors",
    "RBF SVM",
    "Decision Tree",
    "Random Forest",
    "Naive Bayes",
    "Linear SVM"
  ],
  "mean": [
    0.941244507894646,
    0.952560560735102,
    0.9447485573858032,
    0.9161687218356482,
    0.27752191847254537,
    0.9485174267068437
  ],
  "parameters": {
    "cv_method": "k2x5",
    "db": "yeast3",
    "repetition": 6
  },
  "std": [
    0.006370397531876702,
    0.005154277280817823,
    0.007066416842589071,
    0.013332163024071567,
    0.13248781255383793,
    0.006378447658490787
  ]
}