{
  "adv_t": [
    2,
    4,
    2,
    1,
    0,
    2
  ],
  "adv_w": [
    2,
    4,
    2,
    1,
    0,
    2
  ],
  "clfs": [
    "Nearest Neighbors",
    "RBF SVM",
    "Decision Tree",
    "Random Forest",
    "Naive Bayes",
    "Linear SVM"
  ],
  "mean": [
    0.9411037428959086,
    0.9526958767661465,
    0.9439381142575872,
    0.9138792472432764,
    0.26080194273861484,
    0.9479812482858454
  ],
  "parameters": {
    "cv_method": "k2x5",
    "db": "yeast3",
    "repetition": 8
  },
  "std": [
    0.007232729917157861,
    0.0039328907090719215,
    0.005514143397016581,
    0.019310573666362428,
    0.0992792445097434,
    0.0036730989645403305
  ]
}