{
  "adv_t": [
    2,
    5,
    2,
    1,
    0,
    3
  ],
  "adv_w": [
    2,
    5,
    2,
    1,
    0,
    3
  ],
  "clfs": [
    "Nearest Neighbors",
    "RBF SVM",
    "Decision Tree",
    "Random Forest",
    "Naive Bayes",
    "Linear SVM"
  ],
  "mean": [
    0.9444728396205339,
    0.953100735065742,
    0.9427217230362375,
    0.9194152167871797,
    0.2642369719723265,
    0.9479787054342557
  ],
  "parameters": {
    "cv_method": "k2x5",
    "db": "yeast3",
    "repetition": 2
  },
  "std": [
    0.004463184883753839,
    0.006557465977493155,
    0.006270752814505953,
    0.017981459843100265,
    0.10700131730219473,
    0.004715891952935296
  ]
}