{
  "adv_t": [
    2,
    2,
    2,
    1,
    0,
    2
  ],
  "adv_w": [
    2,
    2,
    2,
    1,
    0,
    2
  ],
  "clfs": [
    "Nearest Neighbors",
    "RBF SVM",
    "Decision Tree",
    "Random Forest",
    "Naive Bayes",
    "Linear SVM"
  ],
  "mean": [
    0.9447393433702157,
    0.9548609347602637,
    0.9434240885180483,
    0.9070235201644596,
    0.3167401293911361,
    0.9514870911179637
  ],
  "parameters": {
    "cv_method": "k10",
    "db": "yeast3",
    "repetition": 3
  },
  "std": [
    0.017644290702202324,
    0.015202481930954886,
    0.01647478284628554,
    0.020973010483453177,
    0.06602176369398094,
    0.015785752630626756
  ]
}